date,destination,latitude,longitude,temp,humidity,wind_speed,cloud_cover,pressure,rain
2020-01-01,Hue,16.4637,107.5909,23.1,90,24.6,85,1019.7,1
2020-01-02,Hue,16.4637,107.5909,22.9,88,15.2,83,1020.1,1
2020-01-03,Hue,16.4637,107.5909,23.1,85,19.9,86,1018.5,1
2020-01-04,Hue,16.4637,107.5909,22.0,84,21.7,84,1016.7,1
2020-01-05,Hue,16.4637,107.5909,22.2,83,19.4,46,1015.9,1
2020-01-06,Hue,16.4637,107.5909,21.9,86,14.0,11,1015.1,0
2020-01-07,Hue,16.4637,107.5909,22.7,87,17.5,43,1014.2,0
2020-01-08,Hue,16.4637,107.5909,23.5,85,18.3,81,1014.9,1
2020-01-09,Hue,16.4637,107.5909,23.4,84,18.1,45,1013.8,1
2020-01-10,Hue,16.4637,107.5909,22.3,85,16.3,22,1012.4,0
2020-01-11,Hue,16.4637,107.5909,22.6,87,14.0,56,1012.0,1
2020-01-12,Hue,16.4637,107.5909,22.4,87,13.5,57,1013.2,1
2020-01-13,Hue,16.4637,107.5909,22.3,85,23.8,29,1013.3,1
2020-01-14,Hue,16.4637,107.5909,22.1,78,24.9,22,1013.7,0
2020-01-15,Hue,16.4637,107.5909,22.0,80,20.8,1,1013.1,0
2020-01-16,Hue,16.4637,107.5909,22.3,85,14.6,3,1013.4,0
2020-01-17,Hue,16.4637,107.5909,23.0,84,17.3,28,1015.7,0
2020-01-18,Hue,16.4637,107.5909,22.3,81,20.7,10,1015.0,0
2020-01-19,Hue,16.4637,107.5909,22.2,80,23.0,9,1015.9,0
2020-01-20,Hue,16.4637,107.5909,21.8,79,22.3,42,1017.1,1
2020-01-21,Hue,16.4637,107.5909,22.2,76,23.8,26,1017.2,0
2020-01-22,Hue,16.4637,107.5909,22.5,81,18.7,43,1015.0,0
2020-01-23,Hue,16.4637,107.5909,23.2,86,14.1,52,1012.6,0
2020-01-24,Hue,16.4637,107.5909,24.3,84,20.6,84,1011.8,0
2020-01-25,Hue,16.4637,107.5909,24.2,83,18.0,93,1009.8,0
2020-01-26,Hue,16.4637,107.5909,20.1,90,27.4,99,1013.6,1
2020-01-27,Hue,16.4637,107.5909,19.3,88,17.1,99,1013.2,1
2020-01-28,Hue,16.4637,107.5909,19.3,92,16.2,100,1014.4,1
2020-01-29,Hue,16.4637,107.5909,19.5,92,16.6,100,1017.2,1
2020-01-30,Hue,16.4637,107.5909,18.1,92,14.5,97,1018.5,1
2020-01-31,Hue,16.4637,107.5909,19.3,81,19.9,56,1017.5,1
2020-02-01,Hue,16.4637,107.5909,20.2,78,24.1,51,1016.5,1
2020-02-02,Hue,16.4637,107.5909,20.7,81,20.4,4,1016.7,0
2020-02-03,Hue,16.4637,107.5909,21.4,84,22.3,16,1015.2,0
2020-02-04,Hue,16.4637,107.5909,21.7,84,22.0,31,1014.7,0
2020-02-05,Hue,16.4637,107.5909,21.5,82,20.6,28,1015.0,1
2020-02-06,Hue,16.4637,107.5909,21.8,81,17.3,40,1014.0,0
2020-02-07,Hue,16.4637,107.5909,21.2,85,15.6,51,1016.1,0
2020-02-08,Hue,16.4637,107.5909,22.2,84,21.5,50,1018.5,1
2020-02-09,Hue,16.4637,107.5909,21.9,81,24.2,56,1020.0,1
2020-02-10,Hue,16.4637,107.5909,21.2,84,19.2,85,1018.4,1
2020-02-11,Hue,16.4637,107.5909,22.3,89,15.1,40,1016.1,1
2020-02-12,Hue,16.4637,107.5909,23.5,90,13.9,41,1013.6,0
2020-02-13,Hue,16.4637,107.5909,24.9,90,10.1,53,1010.4,1
2020-02-14,Hue,16.4637,107.5909,25.5,87,12.7,47,1008.0,0
2020-02-15,Hue,16.4637,107.5909,26.0,83,15.0,4,1008.6,0
2020-02-16,Hue,16.4637,107.5909,21.9,90,27.6,86,1015.8,1
2020-02-17,Hue,16.4637,107.5909,19.1,91,17.2,100,1021.7,1
2020-02-18,Hue,16.4637,107.5909,18.9,91,14.7,100,1020.9,1
2020-02-19,Hue,16.4637,107.5909,21.2,86,18.4,57,1019.3,1
2020-02-20,Hue,16.4637,107.5909,21.1,84,20.6,45,1019.2,1
2020-02-21,Hue,16.4637,107.5909,21.2,85,19.5,57,1021.8,1
2020-02-22,Hue,16.4637,107.5909,21.2,88,17.9,69,1022.4,1
2020-02-23,Hue,16.4637,107.5909,20.6,87,17.2,36,1020.7,1
2020-02-24,Hue,16.4637,107.5909,20.3,85,15.5,24,1016.9,0
2020-02-25,Hue,16.4637,107.5909,20.5,86,14.8,30,1014.9,0
2020-02-26,Hue,16.4637,107.5909,22.2,89,18.8,30,1015.2,1
2020-02-27,Hue,16.4637,107.5909,22.5,87,19.3,66,1014.8,1
2020-02-28,Hue,16.4637,107.5909,22.7,87,20.5,69,1013.4,0
2020-02-29,Hue,16.4637,107.5909,23.0,89,16.4,39,1011.6,0
2020-03-01,Hue,16.4637,107.5909,23.8,90,14.5,60,1011.2,0
2020-03-02,Hue,16.4637,107.5909,23.9,89,25.9,54,1011.4,0
2020-03-03,Hue,16.4637,107.5909,24.3,86,24.0,41,1011.7,0
2020-03-04,Hue,16.4637,107.5909,24.4,87,20.5,46,1012.2,1
2020-03-05,Hue,16.4637,107.5909,23.9,87,15.8,88,1014.0,1
2020-03-06,Hue,16.4637,107.5909,22.9,89,13.8,86,1013.6,1
2020-03-07,Hue,16.4637,107.5909,24.3,89,13.3,50,1010.4,0
2020-03-08,Hue,16.4637,107.5909,26.3,86,13.7,9,1006.8,0
2020-03-09,Hue,16.4637,107.5909,27.7,73,13.5,6,1004.6,0
2020-03-10,Hue,16.4637,107.5909,25.2,81,23.2,38,1008.6,1
2020-03-11,Hue,16.4637,107.5909,24.2,87,12.8,77,1012.7,1
2020-03-12,Hue,16.4637,107.5909,26.0,87,9.5,23,1010.9,0
2020-03-13,Hue,16.4637,107.5909,27.2,86,13.6,40,1010.4,0
2020-03-14,Hue,16.4637,107.5909,25.5,89,17.9,86,1013.0,1
2020-03-15,Hue,16.4637,107.5909,24.9,87,15.5,88,1014.3,1
2020-03-16,Hue,16.4637,107.5909,25.5,85,27.4,50,1013.1,1
2020-03-17,Hue,16.4637,107.5909,25.7,85,23.3,61,1012.8,1
2020-03-18,Hue,16.4637,107.5909,25.8,82,15.9,47,1010.9,0
2020-03-19,Hue,16.4637,107.5909,26.5,85,10.6,74,1009.9,1
2020-03-20,Hue,16.4637,107.5909,26.0,89,11.3,50,1011.4,1
2020-03-21,Hue,16.4637,107.5909,26.5,84,12.1,28,1010.5,0
2020-03-22,Hue,16.4637,107.5909,26.7,82,12.8,9,1010.0,0
2020-03-23,Hue,16.4637,107.5909,26.1,81,16.8,9,1009.9,0
2020-03-24,Hue,16.4637,107.5909,25.6,81,19.8,24,1009.8,0
2020-03-25,Hue,16.4637,107.5909,26.6,80,21.6,23,1008.5,0
2020-03-26,Hue,16.4637,107.5909,27.5,80,12.5,24,1008.8,0
2020-03-27,Hue,16.4637,107.5909,28.3,79,13.7,37,1008.2,0
2020-03-28,Hue,16.4637,107.5909,28.2,80,13.8,44,1007.7,0
2020-03-29,Hue,16.4637,107.5909,28.3,79,14.5,26,1007.2,0
2020-03-30,Hue,16.4637,107.5909,29.0,78,13.0,15,1006.6,0
2020-03-31,Hue,16.4637,107.5909,29.1,77,16.3,8,1007.8,0
2020-04-01,Hue,16.4637,107.5909,27.3,83,15.3,64,1009.8,1
2020-04-02,Hue,16.4637,107.5909,27.3,79,24.1,32,1010.1,0
2020-04-03,Hue,16.4637,107.5909,27.5,78,19.8,36,1010.7,0
2020-04-04,Hue,16.4637,107.5909,27.3,81,24.1,36,1011.6,1
2020-04-05,Hue,16.4637,107.5909,26.3,83,17.2,46,1013.0,1
2020-04-06,Hue,16.4637,107.5909,23.8,85,22.2,98,1012.8,1
2020-04-07,Hue,16.4637,107.5909,23.7,87,17.7,100,1012.2,1
2020-04-08,Hue,16.4637,107.5909,23.7,84,19.6,90,1013.0,1
2020-04-09,Hue,16.4637,107.5909,24.2,88,16.6,86,1013.8,1
2020-04-10,Hue,16.4637,107.5909,25.2,89,17.7,90,1013.3,1
2020-04-11,Hue,16.4637,107.5909,26.1,87,13.5,82,1011.5,0
2020-04-12,Hue,16.4637,107.5909,24.8,92,19.7,96,1012.8,1
2020-04-13,Hue,16.4637,107.5909,22.2,83,20.7,100,1016.0,1
2020-04-14,Hue,16.4637,107.5909,22.6,86,12.2,99,1014.9,1
2020-04-15,Hue,16.4637,107.5909,23.8,87,15.9,85,1012.8,1
2020-04-16,Hue,16.4637,107.5909,24.9,87,14.9,84,1010.2,0
2020-04-17,Hue,16.4637,107.5909,26.0,87,15.2,89,1009.8,0
2020-04-18,Hue,16.4637,107.5909,26.0,91,11.2,94,1010.7,0
2020-04-19,Hue,16.4637,107.5909,27.3,85,12.0,29,1008.8,0
2020-04-20,Hue,16.4637,107.5909,27.9,87,11.0,77,1008.7,0
2020-04-21,Hue,16.4637,107.5909,28.5,84,12.1,55,1007.7,0
2020-04-22,Hue,16.4637,107.5909,27.6,88,10.2,62,1008.8,0
2020-04-23,Hue,16.4637,107.5909,26.8,87,20.9,96,1011.0,1
2020-04-24,Hue,16.4637,107.5909,24.6,91,24.9,99,1013.6,1
2020-04-25,Hue,16.4637,107.5909,22.4,94,20.6,100,1014.4,1
2020-04-26,Hue,16.4637,107.5909,23.2,93,17.4,100,1015.3,1
2020-04-27,Hue,16.4637,107.5909,22.9,91,18.5,99,1016.1,1
2020-04-28,Hue,16.4637,107.5909,23.2,87,13.4,76,1015.0,1
2020-04-29,Hue,16.4637,107.5909,24.3,87,15.5,47,1013.4,1
2020-04-30,Hue,16.4637,107.5909,25.5,89,14.3,46,1012.5,1
2020-05-01,Hue,16.4637,107.5909,26.1,88,14.5,19,1009.7,0
2020-05-02,Hue,16.4637,107.5909,26.6,90,12.6,50,1007.7,0
2020-05-03,Hue,16.4637,107.5909,27.7,89,13.2,46,1007.2,0
2020-05-04,Hue,16.4637,107.5909,28.4,88,10.8,41,1007.6,0
2020-05-05,Hue,16.4637,107.5909,28.6,88,12.6,52,1006.5,0
2020-05-06,Hue,16.4637,107.5909,29.4,84,10.8,36,1005.5,0
2020-05-07,Hue,16.4637,107.5909,29.6,83,13.7,44,1004.8,0
2020-05-08,Hue,16.4637,107.5909,30.3,81,14.8,46,1004.7,1
2020-05-09,Hue,16.4637,107.5909,30.4,81,13.3,48,1006.2,1
2020-05-10,Hue,16.4637,107.5909,30.5,78,14.6,9,1006.5,0
2020-05-11,Hue,16.4637,107.5909,29.2,85,11.4,71,1007.2,0
2020-05-12,Hue,16.4637,107.5909,28.3,85,12.5,65,1008.5,0
2020-05-13,Hue,16.4637,107.5909,28.3,85,15.3,32,1008.3,0
2020-05-14,Hue,16.4637,107.5909,28.3,84,12.8,26,1007.7,1
2020-05-15,Hue,16.4637,107.5909,29.2,82,12.9,48,1004.9,0
2020-05-16,Hue,16.4637,107.5909,29.4,78,12.7,45,1004.4,0
2020-05-17,Hue,16.4637,107.5909,29.8,80,11.0,55,1003.4,1
2020-05-18,Hue,16.4637,107.5909,29.3,77,11.9,46,1003.3,1
2020-05-19,Hue,16.4637,107.5909,30.0,78,9.4,64,1003.6,1
2020-05-20,Hue,16.4637,107.5909,30.2,75,11.1,91,1004.0,1
2020-05-21,Hue,16.4637,107.5909,31.8,69,11.3,97,1003.2,1
2020-05-22,Hue,16.4637,107.5909,32.6,65,13.0,99,1003.3,0
2020-05-23,Hue,16.4637,107.5909,30.1,79,11.1,99,1005.1,1
2020-05-24,Hue,16.4637,107.5909,29.1,87,11.2,97,1007.0,1
2020-05-25,Hue,16.4637,107.5909,29.8,82,11.2,64,1007.4,1
2020-05-26,Hue,16.4637,107.5909,29.9,78,12.1,80,1006.9,0
2020-05-27,Hue,16.4637,107.5909,28.5,86,6.2,71,1008.2,1
2020-05-28,Hue,16.4637,107.5909,27.1,90,10.5,96,1008.7,1
2020-05-29,Hue,16.4637,107.5909,28.4,87,6.8,60,1007.9,1
2020-05-30,Hue,16.4637,107.5909,29.3,80,14.6,80,1009.0,1
2020-05-31,Hue,16.4637,107.5909,29.2,81,13.3,33,1008.9,0
2020-06-01,Hue,16.4637,107.5909,28.9,79,9.5,67,1008.3,1
2020-06-02,Hue,16.4637,107.5909,28.5,84,11.2,56,1007.2,1
2020-06-03,Hue,16.4637,107.5909,28.6,81,10.8,35,1006.2,1
2020-06-04,Hue,16.4637,107.5909,29.1,81,13.0,70,1005.6,1
2020-06-05,Hue,16.4637,107.5909,29.7,77,9.0,83,1005.4,1
2020-06-06,Hue,16.4637,107.5909,29.9,76,11.3,70,1005.3,0
2020-06-07,Hue,16.4637,107.5909,30.7,71,13.0,79,1004.1,0
2020-06-08,Hue,16.4637,107.5909,30.9,67,15.3,84,1004.2,0
2020-06-09,Hue,16.4637,107.5909,30.6,71,16.6,94,1005.1,1
2020-06-10,Hue,16.4637,107.5909,30.2,73,13.3,84,1005.8,1
2020-06-11,Hue,16.4637,107.5909,29.8,76,13.3,77,1005.0,1
2020-06-12,Hue,16.4637,107.5909,30.5,72,18.7,19,1003.0,0
2020-06-13,Hue,16.4637,107.5909,31.0,69,10.6,75,1002.0,1
2020-06-14,Hue,16.4637,107.5909,30.2,71,13.5,100,1004.1,1
2020-06-15,Hue,16.4637,107.5909,28.9,78,10.7,90,1006.8,1
2020-06-16,Hue,16.4637,107.5909,28.4,80,9.1,95,1006.8,1
2020-06-17,Hue,16.4637,107.5909,28.9,77,10.6,89,1006.1,1
2020-06-18,Hue,16.4637,107.5909,29.5,70,13.3,34,1005.6,1
2020-06-19,Hue,16.4637,107.5909,29.9,73,18.7,34,1005.9,1
2020-06-20,Hue,16.4637,107.5909,30.4,71,13.3,47,1005.7,1
2020-06-21,Hue,16.4637,107.5909,31.3,66,14.1,7,1004.1,1
2020-06-22,Hue,16.4637,107.5909,31.6,62,18.8,15,1003.7,0
2020-06-23,Hue,16.4637,107.5909,32.0,64,13.6,59,1004.9,0
2020-06-24,Hue,16.4637,107.5909,32.7,61,20.1,85,1004.3,1
2020-06-25,Hue,16.4637,107.5909,32.3,63,22.4,91,1003.7,1
2020-06-26,Hue,16.4637,107.5909,31.1,67,16.8,66,1004.7,1
2020-06-27,Hue,16.4637,107.5909,30.6,67,15.9,22,1005.3,1
2020-06-28,Hue,16.4637,107.5909,30.4,66,19.5,61,1004.7,0
2020-06-29,Hue,16.4637,107.5909,30.1,73,15.9,66,1004.1,1
2020-06-30,Hue,16.4637,107.5909,31.2,63,10.5,86,1003.2,0
2020-07-01,Hue,16.4637,107.5909,30.8,63,9.2,90,1002.4,1
2020-07-02,Hue,16.4637,107.5909,29.6,74,14.3,81,1002.4,1
2020-07-03,Hue,16.4637,107.5909,28.4,82,14.0,94,1004.7,1
2020-07-04,Hue,16.4637,107.5909,28.5,81,12.1,87,1006.0,1
2020-07-05,Hue,16.4637,107.5909,29.1,76,15.3,42,1004.8,1
2020-07-06,Hue,16.4637,107.5909,29.9,74,14.9,16,1004.3,1
2020-07-07,Hue,16.4637,107.5909,30.3,72,11.8,40,1006.3,1
2020-07-08,Hue,16.4637,107.5909,31.1,70,14.6,75,1006.0,1
2020-07-09,Hue,16.4637,107.5909,32.2,60,23.2,95,1003.4,0
2020-07-10,Hue,16.4637,107.5909,32.4,59,16.5,82,1003.4,0
2020-07-11,Hue,16.4637,107.5909,31.7,62,23.4,94,1004.4,1
2020-07-12,Hue,16.4637,107.5909,30.7,66,19.2,31,1004.4,1
2020-07-13,Hue,16.4637,107.5909,30.4,69,16.6,25,1005.2,0
2020-07-14,Hue,16.4637,107.5909,30.2,71,14.4,38,1005.8,0
2020-07-15,Hue,16.4637,107.5909,29.9,71,11.9,43,1005.1,1
2020-07-16,Hue,16.4637,107.5909,30.2,70,16.1,26,1004.7,1
2020-07-17,Hue,16.4637,107.5909,30.6,66,17.7,30,1005.6,0
2020-07-18,Hue,16.4637,107.5909,31.3,67,17.6,32,1005.8,0
2020-07-19,Hue,16.4637,107.5909,31.7,62,15.5,55,1005.0,0
2020-07-20,Hue,16.4637,107.5909,31.2,65,16.4,97,1005.6,1
2020-07-21,Hue,16.4637,107.5909,30.4,71,22.3,43,1006.8,1
2020-07-22,Hue,16.4637,107.5909,29.9,72,16.5,26,1006.7,1
2020-07-23,Hue,16.4637,107.5909,30.1,71,12.9,18,1006.8,1
2020-07-24,Hue,16.4637,107.5909,30.0,67,14.5,50,1006.8,1
2020-07-25,Hue,16.4637,107.5909,30.3,66,15.0,28,1006.2,0
2020-07-26,Hue,16.4637,107.5909,30.9,66,13.7,24,1005.4,1
2020-07-27,Hue,16.4637,107.5909,30.5,69,12.1,49,1004.5,1
2020-07-28,Hue,16.4637,107.5909,29.4,76,9.7,59,1005.3,1
2020-07-29,Hue,16.4637,107.5909,30.0,74,13.5,65,1005.2,1
2020-07-30,Hue,16.4637,107.5909,29.9,73,13.3,80,1004.2,1
2020-07-31,Hue,16.4637,107.5909,27.9,84,16.2,100,1001.5,1
2020-08-01,Hue,16.4637,107.5909,26.4,91,10.2,100,997.4,1
2020-08-02,Hue,16.4637,107.5909,28.4,84,9.1,99,997.7,1
2020-08-03,Hue,16.4637,107.5909,28.7,85,11.4,98,1000.3,1
2020-08-04,Hue,16.4637,107.5909,29.0,81,6.9,99,1001.6,1
2020-08-05,Hue,16.4637,107.5909,28.3,84,9.2,92,1004.3,1
2020-08-06,Hue,16.4637,107.5909,28.3,84,12.3,83,1005.7,1
2020-08-07,Hue,16.4637,107.5909,28.3,83,16.6,48,1004.9,1
2020-08-08,Hue,16.4637,107.5909,28.3,83,10.4,17,1004.0,1
2020-08-09,Hue,16.4637,107.5909,28.5,81,13.4,15,1003.4,1
2020-08-10,Hue,16.4637,107.5909,29.7,77,13.0,30,1003.3,1
2020-08-11,Hue,16.4637,107.5909,29.8,75,14.1,75,1004.0,1
2020-08-12,Hue,16.4637,107.5909,28.6,80,11.1,85,1005.6,1
2020-08-13,Hue,16.4637,107.5909,26.9,90,12.7,100,1006.5,1
2020-08-14,Hue,16.4637,107.5909,27.1,88,11.2,100,1006.8,1
2020-08-15,Hue,16.4637,107.5909,27.4,85,9.1,98,1006.8,1
2020-08-16,Hue,16.4637,107.5909,27.8,82,10.9,87,1006.1,1
2020-08-17,Hue,16.4637,107.5909,27.7,83,15.8,97,1005.5,1
2020-08-18,Hue,16.4637,107.5909,27.6,83,11.9,80,1004.9,1
2020-08-19,Hue,16.4637,107.5909,28.0,84,12.3,84,1004.5,1
2020-08-20,Hue,16.4637,107.5909,27.8,81,10.5,93,1005.8,1
2020-08-21,Hue,16.4637,107.5909,27.6,83,10.0,95,1007.1,1
2020-08-22,Hue,16.4637,107.5909,27.1,88,8.9,89,1007.1,1
2020-08-23,Hue,16.4637,107.5909,27.8,86,9.1,88,1006.9,1
2020-08-24,Hue,16.4637,107.5909,29.1,78,13.0,82,1006.0,1
2020-08-25,Hue,16.4637,107.5909,30.4,75,13.3,46,1004.7,1
2020-08-26,Hue,16.4637,107.5909,30.3,71,15.8,64,1003.1,0
2020-08-27,Hue,16.4637,107.5909,28.7,75,10.9,99,1001.9,1
2020-08-28,Hue,16.4637,107.5909,29.5,72,15.5,57,1002.1,0
2020-08-29,Hue,16.4637,107.5909,29.6,73,12.6,74,1003.5,1
2020-08-30,Hue,16.4637,107.5909,29.6,74,13.3,27,1004.2,1
2020-08-31,Hue,16.4637,107.5909,29.3,75,13.7,14,1005.6,0
2020-09-01,Hue,16.4637,107.5909,28.9,79,16.3,35,1006.1,1
2020-09-02,Hue,16.4637,107.5909,29.5,76,16.4,31,1006.4,1
2020-09-03,Hue,16.4637,107.5909,29.9,71,16.7,63,1007.1,1
2020-09-04,Hue,16.4637,107.5909,30.1,71,15.2,85,1006.7,1
2020-09-05,Hue,16.4637,107.5909,30.4,72,9.9,60,1005.5,1
2020-09-06,Hue,16.4637,107.5909,30.9,70,13.4,80,1004.2,1
2020-09-07,Hue,16.4637,107.5909,30.7,70,13.7,95,1005.0,1
2020-09-08,Hue,16.4637,107.5909,29.8,76,15.2,99,1007.3,1
2020-09-09,Hue,16.4637,107.5909,29.2,78,9.8,90,1007.5,1
2020-09-10,Hue,16.4637,107.5909,29.5,75,10.7,74,1005.2,1
2020-09-11,Hue,16.4637,107.5909,30.0,70,15.8,30,1006.1,0
2020-09-12,Hue,16.4637,107.5909,30.0,71,13.8,48,1008.2,1
2020-09-13,Hue,16.4637,107.5909,30.0,71,19.5,69,1008.4,1
2020-09-14,Hue,16.4637,107.5909,30.0,71,17.6,66,1007.3,1
2020-09-15,Hue,16.4637,107.5909,30.1,68,14.5,44,1006.8,1
2020-09-16,Hue,16.4637,107.5909,30.6,68,12.5,88,1005.6,1
2020-09-17,Hue,16.4637,107.5909,28.2,82,24.3,100,1002.9,1
2020-09-18,Hue,16.4637,107.5909,27.4,84,41.0,100,997.1,1
2020-09-19,Hue,16.4637,107.5909,27.0,83,9.0,99,1004.6,1
2020-09-20,Hue,16.4637,107.5909,26.8,90,7.6,100,1008.6,1
2020-09-21,Hue,16.4637,107.5909,26.8,91,6.9,79,1008.7,1
2020-09-22,Hue,16.4637,107.5909,28.0,86,10.3,30,1007.8,1
2020-09-23,Hue,16.4637,107.5909,28.1,81,14.8,80,1007.8,0
2020-09-24,Hue,16.4637,107.5909,27.9,82,11.6,75,1008.7,0
2020-09-25,Hue,16.4637,107.5909,28.3,81,10.8,67,1007.6,1
2020-09-26,Hue,16.4637,107.5909,28.9,77,12.4,70,1006.5,1
2020-09-27,Hue,16.4637,107.5909,28.5,78,17.8,87,1006.3,1
2020-09-28,Hue,16.4637,107.5909,28.2,82,15.2,96,1006.2,1
2020-09-29,Hue,16.4637,107.5909,27.7,86,10.1,86,1006.2,1
2020-09-30,Hue,16.4637,107.5909,27.9,85,8.2,67,1005.4,1
2020-10-01,Hue,16.4637,107.5909,27.3,89,10.4,75,1005.5,1
2020-10-02,Hue,16.4637,107.5909,27.8,86,16.6,89,1006.3,1
2020-10-03,Hue,16.4637,107.5909,27.0,90,11.6,96,1007.5,1
2020-10-04,Hue,16.4637,107.5909,27.1,90,9.1,93,1008.0,1
2020-10-05,Hue,16.4637,107.5909,26.8,90,12.0,54,1008.2,1
2020-10-06,Hue,16.4637,107.5909,25.7,93,20.8,83,1008.9,1
2020-10-07,Hue,16.4637,107.5909,25.8,93,32.0,100,1007.4,1
2020-10-08,Hue,16.4637,107.5909,25.6,93,31.1,100,1007.6,1
2020-10-09,Hue,16.4637,107.5909,25.5,93,57.1,100,1008.4,1
2020-10-10,Hue,16.4637,107.5909,25.3,90,28.4,100,1008.9,1
2020-10-11,Hue,16.4637,107.5909,24.9,90,31.2,100,1005.7,1
2020-10-12,Hue,16.4637,107.5909,25.4,92,17.5,100,1003.7,1
2020-10-13,Hue,16.4637,107.5909,25.0,92,18.4,100,1004.5,1
2020-10-14,Hue,16.4637,107.5909,25.5,84,16.7,98,1005.3,1
2020-10-15,Hue,16.4637,107.5909,25.4,92,12.9,98,1006.2,1
2020-10-16,Hue,16.4637,107.5909,25.5,93,28.0,99,1005.5,1
2020-10-17,Hue,16.4637,107.5909,25.5,93,35.6,100,1004.8,1
2020-10-18,Hue,16.4637,107.5909,25.5,92,11.7,100,1006.5,1
2020-10-19,Hue,16.4637,107.5909,23.2,90,14.5,100,1008.9,1
2020-10-20,Hue,16.4637,107.5909,23.4,95,22.6,100,1010.4,1
2020-10-21,Hue,16.4637,107.5909,24.6,81,25.7,92,1012.0,1
2020-10-22,Hue,16.4637,107.5909,22.9,80,24.6,100,1011.4,1
2020-10-23,Hue,16.4637,107.5909,23.4,75,18.2,100,1011.3,1
2020-10-24,Hue,16.4637,107.5909,23.8,72,17.1,99,1011.4,1
2020-10-25,Hue,16.4637,107.5909,22.3,87,21.3,99,1009.2,1
2020-10-26,Hue,16.4637,107.5909,24.2,88,12.7,86,1009.4,1
2020-10-27,Hue,16.4637,107.5909,24.9,85,21.1,100,1008.9,1
2020-10-28,Hue,16.4637,107.5909,24.7,89,48.3,100,1000.9,1
2020-10-29,Hue,16.4637,107.5909,26.2,85,23.7,75,1006.1,1
2020-10-30,Hue,16.4637,107.5909,25.7,91,16.8,68,1012.2,1
2020-10-31,Hue,16.4637,107.5909,25.2,91,21.3,75,1013.2,1
2020-11-01,Hue,16.4637,107.5909,25.3,84,14.7,77,1013.3,1
2020-11-02,Hue,16.4637,107.5909,24.1,87,10.9,78,1013.9,1
2020-11-03,Hue,16.4637,107.5909,24.0,84,12.9,77,1014.6,1
2020-11-04,Hue,16.4637,107.5909,23.5,88,9.8,99,1014.0,1
2020-11-05,Hue,16.4637,107.5909,23.1,92,11.4,100,1013.7,1
2020-11-06,Hue,16.4637,107.5909,24.3,93,23.9,100,1013.3,1
2020-11-07,Hue,16.4637,107.5909,24.6,84,21.5,72,1015.5,1
2020-11-08,Hue,16.4637,107.5909,24.3,84,16.9,65,1015.4,1
2020-11-09,Hue,16.4637,107.5909,24.3,78,20.5,95,1014.2,1
2020-11-10,Hue,16.4637,107.5909,22.8,88,32.3,100,1013.4,1
2020-11-11,Hue,16.4637,107.5909,23.7,93,33.3,100,1013.8,1
2020-11-12,Hue,16.4637,107.5909,24.0,83,25.2,86,1015.8,1
2020-11-13,Hue,16.4637,107.5909,23.3,79,19.8,74,1014.1,1
2020-11-14,Hue,16.4637,107.5909,22.6,87,41.0,100,1011.1,1
2020-11-15,Hue,16.4637,107.5909,22.6,89,48.2,97,1008.7,1
2020-11-16,Hue,16.4637,107.5909,24.4,90,18.7,56,1013.2,1
2020-11-17,Hue,16.4637,107.5909,25.1,87,16.2,36,1011.9,1
2020-11-18,Hue,16.4637,107.5909,24.7,91,14.6,34,1010.5,1
2020-11-19,Hue,16.4637,107.5909,25.6,91,13.0,54,1009.8,1
2020-11-20,Hue,16.4637,107.5909,25.6,89,16.5,47,1010.4,1
2020-11-21,Hue,16.4637,107.5909,25.2,88,15.5,50,1011.0,0
2020-11-22,Hue,16.4637,107.5909,24.6,88,14.9,21,1013.6,1
2020-11-23,Hue,16.4637,107.5909,24.6,89,17.6,69,1014.8,1
2020-11-24,Hue,16.4637,107.5909,24.3,90,17.5,76,1014.7,1
2020-11-25,Hue,16.4637,107.5909,24.2,89,16.5,76,1014.6,1
2020-11-26,Hue,16.4637,107.5909,23.6,91,17.8,95,1015.6,1
2020-11-27,Hue,16.4637,107.5909,23.7,88,24.8,68,1016.5,1
2020-11-28,Hue,16.4637,107.5909,22.8,90,17.6,100,1017.0,1
2020-11-29,Hue,16.4637,107.5909,21.9,90,19.0,100,1017.2,1
2020-11-30,Hue,16.4637,107.5909,21.7,91,20.2,100,1017.5,1
2020-12-01,Hue,16.4637,107.5909,22.1,90,20.6,100,1017.3,1
2020-12-02,Hue,16.4637,107.5909,22.5,84,19.8,95,1016.8,1
2020-12-03,Hue,16.4637,107.5909,21.7,84,17.3,90,1017.2,1
2020-12-04,Hue,16.4637,107.5909,20.2,82,17.4,90,1017.5,1
2020-12-05,Hue,16.4637,107.5909,19.6,89,15.0,100,1018.2,1
2020-12-06,Hue,16.4637,107.5909,19.3,89,11.6,97,1017.8,1
2020-12-07,Hue,16.4637,107.5909,20.8,90,13.4,94,1017.7,1
2020-12-08,Hue,16.4637,107.5909,20.9,91,16.6,96,1017.4,1
2020-12-09,Hue,16.4637,107.5909,20.4,89,11.4,99,1015.2,1
2020-12-10,Hue,16.4637,107.5909,20.8,93,10.9,90,1014.2,1
2020-12-11,Hue,16.4637,107.5909,21.7,92,15.3,99,1013.6,1
2020-12-12,Hue,16.4637,107.5909,22.5,93,5.4,86,1012.0,1
2020-12-13,Hue,16.4637,107.5909,23.8,92,16.6,83,1010.4,1
2020-12-14,Hue,16.4637,107.5909,24.1,94,11.9,79,1012.2,1
2020-12-15,Hue,16.4637,107.5909,23.3,90,19.1,91,1015.6,1
2020-12-16,Hue,16.4637,107.5909,22.0,89,21.6,100,1017.7,1
2020-12-17,Hue,16.4637,107.5909,20.9,93,10.2,100,1017.2,1
2020-12-18,Hue,16.4637,107.5909,20.2,94,18.0,100,1017.4,1
2020-12-19,Hue,16.4637,107.5909,19.5,90,19.2,100,1019.4,1
2020-12-20,Hue,16.4637,107.5909,18.7,87,24.4,100,1020.2,1
2020-12-21,Hue,16.4637,107.5909,18.2,86,23.4,100,1019.0,1
2020-12-22,Hue,16.4637,107.5909,18.1,91,13.7,100,1016.8,1
2020-12-23,Hue,16.4637,107.5909,18.8,89,15.6,100,1014.5,1
2020-12-24,Hue,16.4637,107.5909,19.6,96,14.3,100,1014.4,1
2020-12-25,Hue,16.4637,107.5909,20.2,94,13.2,100,1015.0,1
2020-12-26,Hue,16.4637,107.5909,21.3,93,11.1,76,1014.0,1
2020-12-27,Hue,16.4637,107.5909,22.4,91,16.9,58,1012.5,1
2020-12-28,Hue,16.4637,107.5909,22.2,87,14.8,44,1011.6,0
2020-12-29,Hue,16.4637,107.5909,21.5,89,12.0,44,1012.1,1
2020-12-30,Hue,16.4637,107.5909,21.0,90,26.1,95,1017.4,1
2020-12-31,Hue,16.4637,107.5909,18.7,80,22.7,96,1020.9,1
2021-01-01,Hue,16.4637,107.5909,18.1,81,20.2,97,1020.7,1
2021-01-02,Hue,16.4637,107.5909,17.6,85,8.2,99,1018.9,1
2021-01-03,Hue,16.4637,107.5909,18.6,89,9.1,85,1017.7,1
2021-01-04,Hue,16.4637,107.5909,19.4,91,16.7,100,1017.6,1
2021-01-05,Hue,16.4637,107.5909,19.3,91,16.7,100,1017.0,1
2021-01-06,Hue,16.4637,107.5909,20.5,93,14.3,99,1015.3,1
2021-01-07,Hue,16.4637,107.5909,20.1,92,16.8,99,1014.8,1
2021-01-08,Hue,16.4637,107.5909,18.6,92,22.1,100,1018.1,1
2021-01-09,Hue,16.4637,107.5909,16.0,92,15.6,100,1019.5,1
2021-01-10,Hue,16.4637,107.5909,14.1,93,19.9,100,1019.1,1
2021-01-11,Hue,16.4637,107.5909,14.7,90,25.3,100,1022.4,1
2021-01-12,Hue,16.4637,107.5909,15.1,79,19.8,100,1022.4,1
2021-01-13,Hue,16.4637,107.5909,16.4,75,10.0,82,1017.4,0
2021-01-14,Hue,16.4637,107.5909,17.4,84,12.1,61,1015.4,0
2021-01-15,Hue,16.4637,107.5909,18.8,86,13.2,59,1013.4,1
2021-01-16,Hue,16.4637,107.5909,19.7,87,14.6,31,1013.6,1
2021-01-17,Hue,16.4637,107.5909,20.0,88,24.9,80,1018.6,1
2021-01-18,Hue,16.4637,107.5909,17.2,80,25.9,99,1020.9,1
2021-01-19,Hue,16.4637,107.5909,17.2,85,10.1,83,1017.1,1
2021-01-20,Hue,16.4637,107.5909,18.3,88,13.9,43,1014.8,0
2021-01-21,Hue,16.4637,107.5909,20.2,91,10.9,76,1013.6,1
2021-01-22,Hue,16.4637,107.5909,20.7,89,16.9,95,1013.4,1
2021-01-23,Hue,16.4637,107.5909,19.9,87,11.9,99,1013.7,1
2021-01-24,Hue,16.4637,107.5909,21.5,87,17.7,47,1012.9,0
2021-01-25,Hue,16.4637,107.5909,21.0,89,15.1,39,1013.0,0
2021-01-26,Hue,16.4637,107.5909,20.6,90,16.1,74,1014.4,1
2021-01-27,Hue,16.4637,107.5909,21.2,89,18.1,80,1014.2,1
2021-01-28,Hue,16.4637,107.5909,21.4,84,16.8,72,1017.5,1
2021-01-29,Hue,16.4637,107.5909,20.2,84,19.2,61,1018.2,1
2021-01-30,Hue,16.4637,107.5909,20.2,86,20.8,61,1017.0,1
2021-01-31,Hue,16.4637,107.5909,21.1,88,21.2,50,1016.8,1
2021-02-01,Hue,16.4637,107.5909,20.8,87,15.9,55,1016.6,1
2021-02-02,Hue,16.4637,107.5909,21.0,88,15.0,47,1017.1,1
2021-02-03,Hue,16.4637,107.5909,21.1,88,19.6,34,1017.2,1
2021-02-04,Hue,16.4637,107.5909,20.4,90,16.0,67,1017.9,1
2021-02-05,Hue,16.4637,107.5909,21.5,86,14.5,41,1016.5,1
2021-02-06,Hue,16.4637,107.5909,21.0,87,16.2,66,1015.2,1
2021-02-07,Hue,16.4637,107.5909,22.0,85,17.7,45,1014.3,1
2021-02-08,Hue,16.4637,107.5909,22.7,86,19.3,61,1014.1,1
2021-02-09,Hue,16.4637,107.5909,21.7,91,26.5,87,1012.7,1
2021-02-10,Hue,16.4637,107.5909,18.6,92,17.7,90,1014.2,1
2021-02-11,Hue,16.4637,107.5909,18.5,81,12.2,53,1015.0,1
2021-02-12,Hue,16.4637,107.5909,18.3,81,11.0,41,1015.8,0
2021-02-13,Hue,16.4637,107.5909,18.5,84,12.3,41,1015.6,0
2021-02-14,Hue,16.4637,107.5909,19.4,86,12.1,36,1015.4,0
2021-02-15,Hue,16.4637,107.5909,19.6,86,17.2,0,1012.9,0
2021-02-16,Hue,16.4637,107.5909,20.2,88,16.9,14,1012.8,0
2021-02-17,Hue,16.4637,107.5909,21.0,87,14.9,20,1016.9,1
2021-02-18,Hue,16.4637,107.5909,21.1,85,21.8,51,1019.9,1
2021-02-19,Hue,16.4637,107.5909,20.8,81,17.5,45,1020.2,1
2021-02-20,Hue,16.4637,107.5909,19.6,81,15.6,49,1018.2,0
2021-02-21,Hue,16.4637,107.5909,19.4,84,18.8,28,1015.1,0
2021-02-22,Hue,16.4637,107.5909,20.3,85,14.8,16,1013.4,0
2021-02-23,Hue,16.4637,107.5909,20.3,85,11.1,22,1013.2,0
2021-02-24,Hue,16.4637,107.5909,21.2,84,15.8,28,1010.4,0
2021-02-25,Hue,16.4637,107.5909,22.9,87,11.6,46,1006.9,0
2021-02-26,Hue,16.4637,107.5909,24.6,86,13.5,6,1005.2,0
2021-02-27,Hue,16.4637,107.5909,23.8,90,15.0,69,1008.2,0
2021-02-28,Hue,16.4637,107.5909,24.9,86,23.5,22,1009.7,0
2021-03-01,Hue,16.4637,107.5909,25.3,88,13.8,32,1011.8,0
2021-03-02,Hue,16.4637,107.5909,24.0,95,14.3,82,1014.6,1
2021-03-03,Hue,16.4637,107.5909,23.7,89,18.2,44,1014.9,1
2021-03-04,Hue,16.4637,107.5909,23.7,89,16.4,40,1014.2,1
2021-03-05,Hue,16.4637,107.5909,25.1,89,9.7,38,1011.5,0
2021-03-06,Hue,16.4637,107.5909,25.8,84,11.6,12,1011.8,0
2021-03-07,Hue,16.4637,107.5909,24.9,88,18.0,51,1013.6,1
2021-03-08,Hue,16.4637,107.5909,24.2,87,18.8,36,1014.5,1
2021-03-09,Hue,16.4637,107.5909,24.1,84,25.2,18,1014.2,1
2021-03-10,Hue,16.4637,107.5909,24.3,84,22.3,58,1014.2,1
2021-03-11,Hue,16.4637,107.5909,24.3,87,16.8,36,1014.9,1
2021-03-12,Hue,16.4637,107.5909,23.8,86,16.9,24,1015.4,1
2021-03-13,Hue,16.4637,107.5909,23.7,85,15.0,40,1015.1,1
2021-03-14,Hue,16.4637,107.5909,23.9,83,19.5,24,1012.6,1
2021-03-15,Hue,16.4637,107.5909,24.2,82,18.8,24,1010.2,0
2021-03-16,Hue,16.4637,107.5909,24.8,83,19.2,11,1009.6,0
2021-03-17,Hue,16.4637,107.5909,24.6,85,17.5,68,1009.4,0
2021-03-18,Hue,16.4637,107.5909,24.8,85,18.1,93,1009.0,0
2021-03-19,Hue,16.4637,107.5909,25.4,85,19.1,52,1008.1,0
2021-03-20,Hue,16.4637,107.5909,26.1,85,18.5,38,1006.7,0
2021-03-21,Hue,16.4637,107.5909,25.8,86,19.9,48,1010.3,1
2021-03-22,Hue,16.4637,107.5909,22.0,91,20.9,97,1017.5,1
2021-03-23,Hue,16.4637,107.5909,21.5,91,14.0,97,1017.1,1
2021-03-24,Hue,16.4637,107.5909,22.6,89,13.8,75,1013.5,1
2021-03-25,Hue,16.4637,107.5909,24.0,87,19.9,45,1011.6,1
2021-03-26,Hue,16.4637,107.5909,25.0,88,23.8,47,1009.9,0
2021-03-27,Hue,16.4637,107.5909,25.7,89,14.6,48,1007.8,0
2021-03-28,Hue,16.4637,107.5909,26.5,88,10.2,75,1006.7,1
2021-03-29,Hue,16.4637,107.5909,27.8,85,9.8,56,1004.8,0
2021-03-30,Hue,16.4637,107.5909,28.6,80,13.1,12,1003.1,1
2021-03-31,Hue,16.4637,107.5909,28.6,80,13.4,33,1002.5,0
2021-04-01,Hue,16.4637,107.5909,29.1,79,16.6,24,1003.1,0
2021-04-02,Hue,16.4637,107.5909,28.0,83,13.6,71,1005.5,1
2021-04-03,Hue,16.4637,107.5909,27.2,85,21.3,47,1007.2,1
2021-04-04,Hue,16.4637,107.5909,25.7,85,24.8,15,1009.7,1
2021-04-05,Hue,16.4637,107.5909,25.2,84,22.9,28,1012.4,0
2021-04-06,Hue,16.4637,107.5909,25.5,84,19.4,21,1012.9,1
2021-04-07,Hue,16.4637,107.5909,25.9,83,22.0,17,1011.6,1
2021-04-08,Hue,16.4637,107.5909,26.3,82,18.2,16,1009.9,1
2021-04-09,Hue,16.4637,107.5909,26.0,81,19.1,18,1011.1,0
2021-04-10,Hue,16.4637,107.5909,25.6,83,19.8,55,1013.2,1
2021-04-11,Hue,16.4637,107.5909,26.1,81,23.1,47,1013.4,1
2021-04-12,Hue,16.4637,107.5909,26.2,82,21.9,45,1012.4,0
2021-04-13,Hue,16.4637,107.5909,26.4,84,18.7,34,1010.8,0
2021-04-14,Hue,16.4637,107.5909,27.0,83,16.5,64,1009.3,0
2021-04-15,Hue,16.4637,107.5909,27.6,82,13.8,94,1008.4,1
2021-04-16,Hue,16.4637,107.5909,27.7,80,14.1,63,1008.7,0
2021-04-17,Hue,16.4637,107.5909,27.3,79,17.2,53,1011.2,1
2021-04-18,Hue,16.4637,107.5909,26.9,77,17.9,39,1010.7,0
2021-04-19,Hue,16.4637,107.5909,27.8,76,10.9,68,1008.2,0
2021-04-20,Hue,16.4637,107.5909,28.3,76,12.6,79,1007.7,1
2021-04-21,Hue,16.4637,107.5909,28.5,76,16.6,66,1008.0,1
2021-04-22,Hue,16.4637,107.5909,29.0,74,16.4,87,1007.0,1
2021-04-23,Hue,16.4637,107.5909,29.1,74,17.0,44,1005.7,1
2021-04-24,Hue,16.4637,107.5909,30.1,70,17.0,30,1005.6,0
2021-04-25,Hue,16.4637,107.5909,30.3,72,15.8,53,1006.9,1
2021-04-26,Hue,16.4637,107.5909,29.8,74,19.3,91,1007.3,1
2021-04-27,Hue,16.4637,107.5909,27.7,82,15.5,95,1010.3,1
2021-04-28,Hue,16.4637,107.5909,27.9,78,22.0,75,1011.6,1
2021-04-29,Hue,16.4637,107.5909,26.4,85,14.8,71,1012.0,1
2021-04-30,Hue,16.4637,107.5909,26.4,77,14.5,86,1011.2,1
2021-05-01,Hue,16.4637,107.5909,28.0,79,11.5,52,1010.3,1
2021-05-02,Hue,16.4637,107.5909,28.8,78,12.3,79,1009.5,1
2021-05-03,Hue,16.4637,107.5909,29.9,71,14.1,78,1007.6,1
2021-05-04,Hue,16.4637,107.5909,29.9,69,16.8,88,1007.2,0
2021-05-05,Hue,16.4637,107.5909,29.1,74,25.6,48,1008.4,0
2021-05-06,Hue,16.4637,107.5909,28.6,77,23.4,68,1011.4,0
2021-05-07,Hue,16.4637,107.5909,28.2,72,22.1,67,1010.7,0
2021-05-08,Hue,16.4637,107.5909,28.4,74,17.2,38,1008.2,0
2021-05-09,Hue,16.4637,107.5909,29.9,71,17.0,32,1006.4,0
2021-05-10,Hue,16.4637,107.5909,30.8,68,13.0,42,1005.9,1
2021-05-11,Hue,16.4637,107.5909,31.1,65,14.6,67,1005.4,1
2021-05-12,Hue,16.4637,107.5909,31.1,67,9.4,77,1004.9,1
2021-05-13,Hue,16.4637,107.5909,31.3,66,15.8,46,1004.8,1
2021-05-14,Hue,16.4637,107.5909,31.0,71,17.1,62,1004.9,1
2021-05-15,Hue,16.4637,107.5909,31.0,69,11.6,53,1005.8,1
2021-05-16,Hue,16.4637,107.5909,31.1,71,17.3,31,1005.9,1
2021-05-17,Hue,16.4637,107.5909,31.1,67,20.1,6,1006.1,0
2021-05-18,Hue,16.4637,107.5909,31.2,68,14.2,78,1006.2,1
2021-05-19,Hue,16.4637,107.5909,31.6,64,14.7,77,1005.3,1
2021-05-20,Hue,16.4637,107.5909,31.7,64,16.8,93,1005.2,1
2021-05-21,Hue,16.4637,107.5909,32.0,62,16.7,56,1004.8,1
2021-05-22,Hue,16.4637,107.5909,31.8,62,16.1,33,1003.6,1
2021-05-23,Hue,16.4637,107.5909,31.3,64,17.0,12,1003.7,1
2021-05-24,Hue,16.4637,107.5909,28.7,81,15.0,53,1005.8,1
2021-05-25,Hue,16.4637,107.5909,28.4,83,19.2,66,1005.8,1
2021-05-26,Hue,16.4637,107.5909,28.5,83,18.1,27,1005.5,1
2021-05-27,Hue,16.4637,107.5909,28.8,81,16.9,53,1006.0,1
2021-05-28,Hue,16.4637,107.5909,29.5,79,13.0,65,1007.5,1
2021-05-29,Hue,16.4637,107.5909,30.3,75,10.9,55,1006.5,1
2021-05-30,Hue,16.4637,107.5909,31.8,66,9.8,43,1004.8,1
2021-05-31,Hue,16.4637,107.5909,33.0,59,11.8,46,1003.1,1
2021-06-01,Hue,16.4637,107.5909,33.6,56,18.4,57,1003.3,0
2021-06-02,Hue,16.4637,107.5909,33.8,56,16.2,94,1003.7,0
2021-06-03,Hue,16.4637,107.5909,33.9,53,13.8,93,1004.0,0
2021-06-04,Hue,16.4637,107.5909,32.5,63,16.4,88,1004.6,1
2021-06-05,Hue,16.4637,107.5909,29.7,81,10.3,94,1005.0,1
2021-06-06,Hue,16.4637,107.5909,30.3,75,9.6,91,1003.8,1
2021-06-07,Hue,16.4637,107.5909,28.9,81,9.8,98,1004.4,1
2021-06-08,Hue,16.4637,107.5909,28.6,82,13.4,99,1005.2,1
2021-06-09,Hue,16.4637,107.5909,28.6,83,8.9,98,1004.8,1
2021-06-10,Hue,16.4637,107.5909,29.5,76,7.6,86,1003.0,1
2021-06-11,Hue,16.4637,107.5909,29.0,77,14.0,99,1002.0,1
2021-06-12,Hue,16.4637,107.5909,26.2,93,11.3,100,1001.4,1
2021-06-13,Hue,16.4637,107.5909,27.5,82,9.9,95,1003.4,1
2021-06-14,Hue,16.4637,107.5909,28.9,72,11.1,66,1004.1,0
2021-06-15,Hue,16.4637,107.5909,29.3,73,11.2,17,1003.1,1
2021-06-16,Hue,16.4637,107.5909,30.2,66,11.9,35,1004.6,0
2021-06-17,Hue,16.4637,107.5909,30.5,67,11.9,15,1006.2,1
2021-06-18,Hue,16.4637,107.5909,31.1,63,10.1,16,1006.4,1
2021-06-19,Hue,16.4637,107.5909,32.5,56,14.2,36,1004.6,0
2021-06-20,Hue,16.4637,107.5909,33.2,53,12.6,33,1002.5,0
2021-06-21,Hue,16.4637,107.5909,33.5,52,13.5,53,1002.2,0
2021-06-22,Hue,16.4637,107.5909,32.8,55,16.2,94,1003.9,1
2021-06-23,Hue,16.4637,107.5909,33.0,54,15.8,94,1004.7,1
2021-06-24,Hue,16.4637,107.5909,31.6,62,13.7,98,1004.0,1
2021-06-25,Hue,16.4637,107.5909,30.9,69,13.7,85,1003.8,1
2021-06-26,Hue,16.4637,107.5909,30.8,69,10.0,71,1005.2,1
2021-06-27,Hue,16.4637,107.5909,32.1,62,10.4,43,1005.7,1
2021-06-28,Hue,16.4637,107.5909,33.2,52,16.6,70,1003.9,0
2021-06-29,Hue,16.4637,107.5909,33.2,53,11.5,78,1003.4,1
2021-06-30,Hue,16.4637,107.5909,32.9,55,14.4,84,1003.7,1
2021-07-01,Hue,16.4637,107.5909,33.1,53,11.9,66,1004.1,1
2021-07-02,Hue,16.4637,107.5909,33.0,53,19.2,79,1005.0,1
2021-07-03,Hue,16.4637,107.5909,33.3,53,15.2,59,1004.3,1
2021-07-04,Hue,16.4637,107.5909,32.4,57,16.6,52,1003.6,1
2021-07-05,Hue,16.4637,107.5909,31.6,63,14.3,68,1003.3,1
2021-07-06,Hue,16.4637,107.5909,28.1,86,9.3,92,1003.2,1
2021-07-07,Hue,16.4637,107.5909,26.8,92,9.2,100,1003.4,1
2021-07-08,Hue,16.4637,107.5909,28.2,81,17.3,48,1004.9,1
2021-07-09,Hue,16.4637,107.5909,28.3,79,27.8,42,1005.7,1
2021-07-10,Hue,16.4637,107.5909,28.7,78,23.8,29,1006.5,1
2021-07-11,Hue,16.4637,107.5909,29.3,75,23.4,16,1008.1,0
2021-07-12,Hue,16.4637,107.5909,29.4,74,20.9,25,1007.9,1
2021-07-13,Hue,16.4637,107.5909,29.4,73,16.6,55,1006.4,1
2021-07-14,Hue,16.4637,107.5909,29.4,73,19.1,39,1005.4,1
2021-07-15,Hue,16.4637,107.5909,29.6,72,19.0,70,1006.5,1
2021-07-16,Hue,16.4637,107.5909,28.5,80,17.1,70,1007.4,1
2021-07-17,Hue,16.4637,107.5909,29.5,76,14.4,28,1004.5,1
2021-07-18,Hue,16.4637,107.5909,29.9,72,13.2,54,1001.9,1
2021-07-19,Hue,16.4637,107.5909,30.6,69,11.5,85,1001.9,1
2021-07-20,Hue,16.4637,107.5909,31.4,61,17.1,96,1002.5,1
2021-07-21,Hue,16.4637,107.5909,31.8,54,12.4,94,1002.1,0
2021-07-22,Hue,16.4637,107.5909,31.9,55,15.6,100,1001.0,0
2021-07-23,Hue,16.4637,107.5909,30.8,57,16.2,99,999.8,1
2021-07-24,Hue,16.4637,107.5909,30.5,61,16.8,75,998.5,1
2021-07-25,Hue,16.4637,107.5909,27.8,86,11.4,98,999.4,1
2021-07-26,Hue,16.4637,107.5909,31.0,63,16.1,51,1000.1,1
2021-07-27,Hue,16.4637,107.5909,32.2,58,19.2,71,999.4,0
2021-07-28,Hue,16.4637,107.5909,33.1,53,20.5,82,998.9,1
2021-07-29,Hue,16.4637,107.5909,33.7,51,23.4,87,999.9,1
2021-07-30,Hue,16.4637,107.5909,33.7,50,18.2,88,1001.2,1
2021-07-31,Hue,16.4637,107.5909,33.7,49,18.6,80,1001.1,1
2021-08-01,Hue,16.4637,107.5909,33.8,49,22.0,90,999.7,0
2021-08-02,Hue,16.4637,107.5909,33.5,49,17.1,91,999.8,0
2021-08-03,Hue,16.4637,107.5909,32.5,52,24.1,97,1000.6,0
2021-08-04,Hue,16.4637,107.5909,33.0,51,20.7,100,1001.0,0
2021-08-05,Hue,16.4637,107.5909,33.4,50,19.1,98,1000.6,0
2021-08-06,Hue,16.4637,107.5909,33.7,50,15.9,96,1001.4,0
2021-08-07,Hue,16.4637,107.5909,34.5,47,15.4,99,1002.5,1
2021-08-08,Hue,16.4637,107.5909,34.2,49,15.9,97,1003.2,1
2021-08-09,Hue,16.4637,107.5909,33.9,52,15.5,80,1003.0,1
2021-08-10,Hue,16.4637,107.5909,33.3,54,15.5,90,1002.6,1
2021-08-11,Hue,16.4637,107.5909,30.4,73,13.1,88,1005.3,1
2021-08-12,Hue,16.4637,107.5909,29.7,80,13.0,92,1007.2,1
2021-08-13,Hue,16.4637,107.5909,30.2,73,12.2,85,1004.7,1
2021-08-14,Hue,16.4637,107.5909,30.5,71,12.4,88,1003.6,1
2021-08-15,Hue,16.4637,107.5909,29.8,71,11.0,92,1006.7,1
2021-08-16,Hue,16.4637,107.5909,29.5,75,18.0,50,1010.1,1
2021-08-17,Hue,16.4637,107.5909,29.8,72,12.7,48,1009.0,0
2021-08-18,Hue,16.4637,107.5909,31.1,65,12.6,37,1006.6,1
2021-08-19,Hue,16.4637,107.5909,30.6,66,12.5,71,1006.2,1
2021-08-20,Hue,16.4637,107.5909,30.2,70,16.3,57,1007.3,0
2021-08-21,Hue,16.4637,107.5909,30.4,64,14.8,17,1007.1,1
2021-08-22,Hue,16.4637,107.5909,30.9,64,16.6,77,1005.6,1
2021-08-23,Hue,16.4637,107.5909,30.9,65,16.4,56,1004.4,1
2021-08-24,Hue,16.4637,107.5909,30.0,67,22.0,44,1004.3,1
2021-08-25,Hue,16.4637,107.5909,29.8,70,14.8,53,1005.0,1
2021-08-26,Hue,16.4637,107.5909,29.1,73,21.0,33,1006.1,1
2021-08-27,Hue,16.4637,107.5909,28.7,74,23.1,64,1007.2,1
2021-08-28,Hue,16.4637,107.5909,28.7,71,19.1,47,1007.4,0
2021-08-29,Hue,16.4637,107.5909,27.4,81,16.0,75,1007.9,1
2021-08-30,Hue,16.4637,107.5909,27.1,88,14.1,97,1008.5,1
2021-08-31,Hue,16.4637,107.5909,26.7,90,9.7,96,1008.7,1
2021-09-01,Hue,16.4637,107.5909,27.4,84,10.7,57,1007.7,1
2021-09-02,Hue,16.4637,107.5909,27.8,80,10.3,94,1006.8,1
2021-09-03,Hue,16.4637,107.5909,27.9,80,12.6,97,1005.7,1
2021-09-04,Hue,16.4637,107.5909,27.6,83,10.0,98,1006.0,1
2021-09-05,Hue,16.4637,107.5909,27.2,83,12.1,80,1007.3,1
2021-09-06,Hue,16.4637,107.5909,27.5,85,16.6,68,1008.4,1
2021-09-07,Hue,16.4637,107.5909,25.7,94,7.1,99,1007.7,1
2021-09-08,Hue,16.4637,107.5909,27.1,85,22.7,72,1005.2,1
2021-09-09,Hue,16.4637,107.5909,27.3,87,15.0,93,1007.0,1
2021-09-10,Hue,16.4637,107.5909,26.0,92,13.0,100,1006.9,1
2021-09-11,Hue,16.4637,107.5909,25.7,91,27.0,99,1003.2,1
2021-09-12,Hue,16.4637,107.5909,24.9,95,17.2,100,1001.8,1
2021-09-13,Hue,16.4637,107.5909,26.1,92,16.9,97,1003.2,1
2021-09-14,Hue,16.4637,107.5909,27.5,88,15.5,80,1006.5,1
2021-09-15,Hue,16.4637,107.5909,27.9,84,22.0,95,1008.7,1
2021-09-16,Hue,16.4637,107.5909,27.7,85,10.1,77,1008.7,1
2021-09-17,Hue,16.4637,107.5909,27.8,86,11.5,38,1008.0,1
2021-09-18,Hue,16.4637,107.5909,27.9,83,13.3,56,1008.5,1
2021-09-19,Hue,16.4637,107.5909,27.4,86,16.9,76,1008.3,1
2021-09-20,Hue,16.4637,107.5909,26.8,88,13.3,63,1007.7,1
2021-09-21,Hue,16.4637,107.5909,26.7,88,10.7,96,1007.4,1
2021-09-22,Hue,16.4637,107.5909,26.8,90,9.4,86,1007.5,1
2021-09-23,Hue,16.4637,107.5909,25.8,93,30.9,81,1007.8,1
2021-09-24,Hue,16.4637,107.5909,27.3,84,34.7,98,1004.9,1
2021-09-25,Hue,16.4637,107.5909,27.0,85,17.5,90,1007.4,1
2021-09-26,Hue,16.4637,107.5909,26.8,88,14.7,66,1008.6,1
2021-09-27,Hue,16.4637,107.5909,26.6,88,13.6,28,1009.0,1
2021-09-28,Hue,16.4637,107.5909,27.0,87,10.0,43,1008.9,1
2021-09-29,Hue,16.4637,107.5909,27.2,87,11.8,44,1007.9,1
2021-09-30,Hue,16.4637,107.5909,27.1,85,12.4,24,1008.0,0
2021-10-01,Hue,16.4637,107.5909,27.0,86,13.7,24,1007.9,0
2021-10-02,Hue,16.4637,107.5909,26.8,84,14.1,39,1008.5,0
2021-10-03,Hue,16.4637,107.5909,26.8,82,16.5,50,1008.9,1
2021-10-04,Hue,16.4637,107.5909,26.0,89,14.3,62,1008.9,1
2021-10-05,Hue,16.4637,107.5909,26.1,92,15.5,97,1007.7,1
2021-10-06,Hue,16.4637,107.5909,26.0,92,18.5,100,1004.9,1
2021-10-07,Hue,16.4637,107.5909,25.4,95,25.7,100,1001.5,1
2021-10-08,Hue,16.4637,107.5909,25.3,91,27.7,100,1001.0,1
2021-10-09,Hue,16.4637,107.5909,27.5,76,24.8,100,1002.1,1
2021-10-10,Hue,16.4637,107.5909,26.7,88,13.8,84,1003.0,1
2021-10-11,Hue,16.4637,107.5909,26.9,90,12.7,83,1004.4,1
2021-10-12,Hue,16.4637,107.5909,25.4,88,28.2,90,1005.0,1
2021-10-13,Hue,16.4637,107.5909,22.7,85,27.6,100,1002.1,1
2021-10-14,Hue,16.4637,107.5909,24.9,82,11.8,100,1003.4,1
2021-10-15,Hue,16.4637,107.5909,25.3,90,9.4,100,1006.5,1
2021-10-16,Hue,16.4637,107.5909,24.6,94,17.8,100,1009.0,1
2021-10-17,Hue,16.4637,107.5909,24.7,91,40.8,100,1009.2,1
2021-10-18,Hue,16.4637,107.5909,24.5,93,10.1,100,1012.1,1
2021-10-19,Hue,16.4637,107.5909,23.8,91,13.9,89,1014.5,1
2021-10-20,Hue,16.4637,107.5909,25.5,91,12.2,83,1013.1,1
2021-10-21,Hue,16.4637,107.5909,26.1,89,11.6,68,1011.5,1
2021-10-22,Hue,16.4637,107.5909,24.0,92,17.3,99,1014.5,1
2021-10-23,Hue,16.4637,107.5909,23.6,91,18.7,100,1015.9,1
2021-10-24,Hue,16.4637,107.5909,24.3,85,24.4,97,1015.2,1
2021-10-25,Hue,16.4637,107.5909,23.8,86,19.2,99,1013.9,1
2021-10-26,Hue,16.4637,107.5909,23.9,86,17.8,90,1012.5,1
2021-10-27,Hue,16.4637,107.5909,24.7,92,20.4,100,1011.6,1
2021-10-28,Hue,16.4637,107.5909,25.0,91,19.5,91,1012.2,1
2021-10-29,Hue,16.4637,107.5909,25.2,90,11.0,96,1014.1,1
2021-10-30,Hue,16.4637,107.5909,25.3,90,10.5,86,1014.1,1
2021-10-31,Hue,16.4637,107.5909,25.1,90,12.1,78,1014.0,1
2021-11-01,Hue,16.4637,107.5909,25.4,89,15.5,57,1013.9,1
2021-11-02,Hue,16.4637,107.5909,25.2,90,15.3,66,1013.9,1
2021-11-03,Hue,16.4637,107.5909,25.3,89,13.4,68,1013.1,1
2021-11-04,Hue,16.4637,107.5909,25.6,88,13.9,54,1011.9,1
2021-11-05,Hue,16.4637,107.5909,25.6,87,15.3,29,1009.9,0
2021-11-06,Hue,16.4637,107.5909,26.0,86,12.8,48,1007.7,0
2021-11-07,Hue,16.4637,107.5909,26.1,84,15.5,51,1009.2,0
2021-11-08,Hue,16.4637,107.5909,24.0,90,26.9,97,1013.2,1
2021-11-09,Hue,16.4637,107.5909,22.4,88,20.4,100,1015.9,1
2021-11-10,Hue,16.4637,107.5909,22.1,91,18.4,100,1015.8,1
2021-11-11,Hue,16.4637,107.5909,21.4,92,10.9,100,1014.6,1
2021-11-12,Hue,16.4637,107.5909,22.9,89,10.6,100,1015.0,1
2021-11-13,Hue,16.4637,107.5909,23.0,88,19.1,100,1014.9,1
2021-11-14,Hue,16.4637,107.5909,22.5,92,8.3,100,1014.6,1
2021-11-15,Hue,16.4637,107.5909,23.0,94,14.4,96,1012.5,1
2021-11-16,Hue,16.4637,107.5909,25.1,84,17.3,85,1012.4,1
2021-11-17,Hue,16.4637,107.5909,24.6,91,17.9,100,1012.9,1
2021-11-18,Hue,16.4637,107.5909,24.5,88,17.3,80,1012.0,1
2021-11-19,Hue,16.4637,107.5909,24.4,87,14.0,58,1009.6,1
2021-11-20,Hue,16.4637,107.5909,24.5,87,16.5,31,1008.9,0
2021-11-21,Hue,16.4637,107.5909,24.7,88,13.9,30,1010.3,0
2021-11-22,Hue,16.4637,107.5909,23.8,91,14.9,84,1013.0,1
2021-11-23,Hue,16.4637,107.5909,22.5,91,20.7,100,1015.8,1
2021-11-24,Hue,16.4637,107.5909,21.9,92,15.9,100,1016.5,1
2021-11-25,Hue,16.4637,107.5909,20.5,95,15.8,99,1016.1,1
2021-11-26,Hue,16.4637,107.5909,21.9,86,21.2,92,1015.6,1
2021-11-27,Hue,16.4637,107.5909,23.1,81,17.3,100,1015.8,1
2021-11-28,Hue,16.4637,107.5909,23.3,87,21.7,100,1014.8,1
2021-11-29,Hue,16.4637,107.5909,23.0,90,21.9,100,1014.0,1
2021-11-30,Hue,16.4637,107.5909,23.1,82,21.7,85,1016.1,1
2021-12-01,Hue,16.4637,107.5909,21.5,80,18.9,98,1017.9,1
2021-12-02,Hue,16.4637,107.5909,21.0,80,17.1,97,1018.4,1
2021-12-03,Hue,16.4637,107.5909,19.7,84,13.1,58,1019.1,1
2021-12-04,Hue,16.4637,107.5909,19.3,77,13.2,47,1018.7,0
2021-12-05,Hue,16.4637,107.5909,20.3,76,15.3,100,1017.8,1
2021-12-06,Hue,16.4637,107.5909,20.7,70,18.9,100,1017.7,1
2021-12-07,Hue,16.4637,107.5909,19.9,78,9.5,75,1017.7,0
2021-12-08,Hue,16.4637,107.5909,20.2,89,16.6,97,1017.4,1
2021-12-09,Hue,16.4637,107.5909,22.4,87,20.5,61,1018.1,1
2021-12-10,Hue,16.4637,107.5909,21.4,86,18.4,39,1017.5,1
2021-12-11,Hue,16.4637,107.5909,21.1,86,12.0,55,1017.3,1
2021-12-12,Hue,16.4637,107.5909,22.1,89,16.1,99,1017.8,1
2021-12-13,Hue,16.4637,107.5909,21.6,85,18.1,94,1017.8,1
2021-12-14,Hue,16.4637,107.5909,21.4,89,13.1,98,1015.6,1
2021-12-15,Hue,16.4637,107.5909,21.6,94,8.0,98,1013.5,1
2021-12-16,Hue,16.4637,107.5909,23.6,89,13.5,91,1013.1,1
2021-12-17,Hue,16.4637,107.5909,22.8,90,14.2,96,1015.4,1
2021-12-18,Hue,16.4637,107.5909,21.4,89,20.7,99,1016.9,1
2021-12-19,Hue,16.4637,107.5909,19.7,90,21.2,100,1016.6,1
2021-12-20,Hue,16.4637,107.5909,19.0,82,24.2,100,1015.0,1
2021-12-21,Hue,16.4637,107.5909,19.9,87,17.1,100,1015.5,1
2021-12-22,Hue,16.4637,107.5909,20.4,89,13.0,100,1015.2,1
2021-12-23,Hue,16.4637,107.5909,21.7,89,12.8,95,1014.1,1
2021-12-24,Hue,16.4637,107.5909,21.9,91,14.5,73,1013.9,1
2021-12-25,Hue,16.4637,107.5909,22.1,93,18.8,94,1015.5,1
2021-12-26,Hue,16.4637,107.5909,22.0,92,21.3,100,1017.3,1
2021-12-27,Hue,16.4637,107.5909,20.4,92,23.8,100,1020.1,1
2021-12-28,Hue,16.4637,107.5909,20.4,92,15.9,100,1019.7,1
2021-12-29,Hue,16.4637,107.5909,20.6,95,14.6,98,1019.1,1
2021-12-30,Hue,16.4637,107.5909,21.6,88,21.5,78,1020.7,1
2021-12-31,Hue,16.4637,107.5909,20.5,90,20.2,90,1020.6,1
2022-01-01,Hue,16.4637,107.5909,20.9,90,16.0,98,1019.8,1
2022-01-02,Hue,16.4637,107.5909,20.8,92,19.8,98,1018.8,1
2022-01-03,Hue,16.4637,107.5909,21.5,87,14.0,98,1017.2,1
2022-01-04,Hue,16.4637,107.5909,21.3,90,12.8,81,1016.1,1
2022-01-05,Hue,16.4637,107.5909,22.1,91,12.1,88,1014.5,1
2022-01-06,Hue,16.4637,107.5909,22.7,89,19.0,92,1015.3,1
2022-01-07,Hue,16.4637,107.5909,21.7,86,15.5,66,1017.0,1
2022-01-08,Hue,16.4637,107.5909,21.5,92,13.1,95,1016.2,1
2022-01-09,Hue,16.4637,107.5909,22.7,87,15.6,68,1014.5,1
2022-01-10,Hue,16.4637,107.5909,22.2,90,15.0,30,1013.9,1
2022-01-11,Hue,16.4637,107.5909,21.1,92,16.6,94,1016.9,1
2022-01-12,Hue,16.4637,107.5909,20.9,88,14.0,93,1017.1,1
2022-01-13,Hue,16.4637,107.5909,21.1,89,20.2,48,1017.2,1
2022-01-14,Hue,16.4637,107.5909,21.0,89,14.2,30,1016.5,1
2022-01-15,Hue,16.4637,107.5909,21.5,85,24.1,38,1015.4,1
2022-01-16,Hue,16.4637,107.5909,21.6,86,18.7,16,1015.2,0
2022-01-17,Hue,16.4637,107.5909,21.5,89,12.4,63,1016.3,1
2022-01-18,Hue,16.4637,107.5909,20.0,94,18.5,100,1017.7,1
2022-01-19,Hue,16.4637,107.5909,20.0,92,13.8,100,1016.0,1
2022-01-20,Hue,16.4637,107.5909,21.5,85,18.1,72,1014.0,1
2022-01-21,Hue,16.4637,107.5909,21.8,86,20.6,63,1012.9,1
2022-01-22,Hue,16.4637,107.5909,22.5,88,12.6,29,1010.0,1
2022-01-23,Hue,16.4637,107.5909,23.0,90,9.5,38,1009.6,1
2022-01-24,Hue,16.4637,107.5909,23.3,91,10.8,31,1010.3,1
2022-01-25,Hue,16.4637,107.5909,23.0,93,13.8,71,1012.0,1
2022-01-26,Hue,16.4637,107.5909,22.6,91,18.1,54,1012.6,1
2022-01-27,Hue,16.4637,107.5909,22.5,89,15.0,28,1012.8,0
2022-01-28,Hue,16.4637,107.5909,22.4,89,13.2,40,1012.4,1
2022-01-29,Hue,16.4637,107.5909,22.9,88,14.8,8,1010.3,0
2022-01-30,Hue,16.4637,107.5909,21.9,89,20.7,80,1011.8,1
2022-01-31,Hue,16.4637,107.5909,19.8,86,21.7,100,1013.6,1
2022-02-01,Hue,16.4637,107.5909,18.8,85,17.9,100,1015.2,1
2022-02-02,Hue,16.4637,107.5909,20.0,85,19.4,100,1015.6,1
2022-02-03,Hue,16.4637,107.5909,19.2,91,19.7,100,1016.4,1
2022-02-04,Hue,16.4637,107.5909,19.3,92,20.1,100,1017.7,1
2022-02-05,Hue,16.4637,107.5909,19.7,94,13.0,100,1017.9,1
2022-02-06,Hue,16.4637,107.5909,20.1,89,20.3,76,1016.2,1
2022-02-07,Hue,16.4637,107.5909,22.3,89,11.0,23,1012.7,0
2022-02-08,Hue,16.4637,107.5909,22.8,93,15.1,75,1012.7,1
2022-02-09,Hue,16.4637,107.5909,23.7,91,18.5,44,1013.6,1
2022-02-10,Hue,16.4637,107.5909,22.5,93,14.3,91,1013.4,1
2022-02-11,Hue,16.4637,107.5909,22.9,91,22.0,61,1012.2,1
2022-02-12,Hue,16.4637,107.5909,23.3,87,22.3,60,1011.2,1
2022-02-13,Hue,16.4637,107.5909,23.7,88,21.4,60,1009.6,1
2022-02-14,Hue,16.4637,107.5909,19.9,94,20.7,99,1013.7,1
2022-02-15,Hue,16.4637,107.5909,19.6,89,15.3,100,1013.5,1
2022-02-16,Hue,16.4637,107.5909,21.1,91,10.5,95,1011.0,1
2022-02-17,Hue,16.4637,107.5909,23.4,92,9.0,80,1008.4,1
2022-02-18,Hue,16.4637,107.5909,25.0,91,9.7,66,1008.7,1
2022-02-19,Hue,16.4637,107.5909,23.8,90,28.7,60,1010.6,1
2022-02-20,Hue,16.4637,107.5909,17.8,88,22.2,100,1016.6,1
2022-02-21,Hue,16.4637,107.5909,15.0,88,21.2,100,1018.3,1
2022-02-22,Hue,16.4637,107.5909,17.1,91,20.0,100,1019.5,1
2022-02-23,Hue,16.4637,107.5909,17.0,85,22.4,100,1022.4,1
2022-02-24,Hue,16.4637,107.5909,17.5,89,16.2,100,1022.5,1
2022-02-25,Hue,16.4637,107.5909,18.2,94,12.4,99,1020.9,1
2022-02-26,Hue,16.4637,107.5909,19.6,92,14.8,100,1018.9,1
2022-02-27,Hue,16.4637,107.5909,20.5,90,14.2,99,1017.1,1
2022-02-28,Hue,16.4637,107.5909,21.1,87,18.3,52,1014.4,0
2022-03-01,Hue,16.4637,107.5909,22.1,89,16.1,55,1014.0,1
2022-03-02,Hue,16.4637,107.5909,23.1,88,16.1,63,1014.9,1
2022-03-03,Hue,16.4637,107.5909,22.7,87,16.2,60,1013.2,1
2022-03-04,Hue,16.4637,107.5909,22.8,90,15.8,44,1011.2,0
2022-03-05,Hue,16.4637,107.5909,23.5,91,16.7,66,1010.1,1
2022-03-06,Hue,16.4637,107.5909,24.7,90,12.4,72,1009.8,1
2022-03-07,Hue,16.4637,107.5909,24.0,91,18.6,69,1013.4,1
2022-03-08,Hue,16.4637,107.5909,22.5,78,20.0,48,1014.0,1
2022-03-09,Hue,16.4637,107.5909,21.7,77,18.4,41,1012.4,0
2022-03-10,Hue,16.4637,107.5909,21.9,78,16.0,51,1011.8,0
2022-03-11,Hue,16.4637,107.5909,22.1,86,14.6,54,1010.9,1
2022-03-12,Hue,16.4637,107.5909,23.1,87,18.4,62,1009.8,1
2022-03-13,Hue,16.4637,107.5909,22.8,88,16.3,74,1009.6,0
2022-03-14,Hue,16.4637,107.5909,23.3,90,14.6,73,1009.3,0
2022-03-15,Hue,16.4637,107.5909,24.7,88,13.7,75,1008.6,1
2022-03-16,Hue,16.4637,107.5909,24.7,87,14.7,88,1008.0,1
2022-03-17,Hue,16.4637,107.5909,25.2,89,10.8,65,1006.4,0
2022-03-18,Hue,16.4637,107.5909,24.8,93,19.0,94,1007.5,1
2022-03-19,Hue,16.4637,107.5909,26.0,87,13.0,88,1006.5,0
2022-03-20,Hue,16.4637,107.5909,26.3,87,10.8,83,1006.9,0
2022-03-21,Hue,16.4637,107.5909,27.4,85,7.4,83,1008.2,1
2022-03-22,Hue,16.4637,107.5909,27.9,85,9.5,68,1008.9,1
2022-03-23,Hue,16.4637,107.5909,26.5,89,9.8,65,1009.5,1
2022-03-24,Hue,16.4637,107.5909,24.5,90,13.5,91,1009.7,1
2022-03-25,Hue,16.4637,107.5909,26.9,88,11.5,60,1008.1,1
2022-03-26,Hue,16.4637,107.5909,27.8,81,12.2,39,1008.8,1
2022-03-27,Hue,16.4637,107.5909,27.3,83,13.6,73,1009.2,1
2022-03-28,Hue,16.4637,107.5909,23.4,89,19.6,100,1013.4,1
2022-03-29,Hue,16.4637,107.5909,23.6,87,14.9,80,1012.5,1
2022-03-30,Hue,16.4637,107.5909,24.5,89,16.5,71,1011.2,1
2022-03-31,Hue,16.4637,107.5909,24.2,92,20.0,99,1011.2,1
2022-04-01,Hue,16.4637,107.5909,23.8,91,31.4,100,1012.4,1
2022-04-02,Hue,16.4637,107.5909,20.6,91,33.4,100,1017.9,1
2022-04-03,Hue,16.4637,107.5909,19.8,84,22.7,100,1018.6,1
2022-04-04,Hue,16.4637,107.5909,20.7,84,14.0,100,1018.1,1
2022-04-05,Hue,16.4637,107.5909,22.7,85,15.8,89,1017.0,1
2022-04-06,Hue,16.4637,107.5909,23.1,87,18.4,87,1015.7,1
2022-04-07,Hue,16.4637,107.5909,22.9,87,16.4,85,1015.0,1
2022-04-08,Hue,16.4637,107.5909,22.2,85,12.2,55,1013.7,0
2022-04-09,Hue,16.4637,107.5909,22.0,83,13.3,26,1011.6,0
2022-04-10,Hue,16.4637,107.5909,22.6,86,13.6,27,1009.9,0
2022-04-11,Hue,16.4637,107.5909,24.1,88,11.6,20,1008.7,0
2022-04-12,Hue,16.4637,107.5909,25.0,90,13.0,71,1006.4,1
2022-04-13,Hue,16.4637,107.5909,25.7,93,11.4,53,1005.5,1
2022-04-14,Hue,16.4637,107.5909,25.8,92,13.0,80,1006.5,1
2022-04-15,Hue,16.4637,107.5909,26.9,89,12.7,69,1006.6,1
2022-04-16,Hue,16.4637,107.5909,26.8,87,19.9,78,1006.9,1
2022-04-17,Hue,16.4637,107.5909,26.2,84,23.8,86,1009.4,1
2022-04-18,Hue,16.4637,107.5909,24.8,87,15.3,82,1012.6,1
2022-04-19,Hue,16.4637,107.5909,23.3,90,20.1,97,1014.2,1
2022-04-20,Hue,16.4637,107.5909,22.8,90,16.8,99,1012.8,1
2022-04-21,Hue,16.4637,107.5909,24.5,90,13.2,77,1010.3,1
2022-04-22,Hue,16.4637,107.5909,26.5,88,8.4,59,1008.8,1
2022-04-23,Hue,16.4637,107.5909,27.2,88,9.5,71,1007.6,1
2022-04-24,Hue,16.4637,107.5909,27.8,83,11.1,19,1005.7,1
2022-04-25,Hue,16.4637,107.5909,28.3,81,10.8,57,1005.1,1
2022-04-26,Hue,16.4637,107.5909,29.2,81,9.6,85,1004.5,0
2022-04-27,Hue,16.4637,107.5909,29.0,83,12.2,58,1005.2,0
2022-04-28,Hue,16.4637,107.5909,28.6,82,20.1,74,1005.9,0
2022-04-29,Hue,16.4637,107.5909,27.5,85,20.4,77,1007.4,1
2022-04-30,Hue,16.4637,107.5909,26.6,87,18.4,98,1007.1,1
2022-05-01,Hue,16.4637,107.5909,24.9,93,27.4,100,1007.1,1
2022-05-02,Hue,16.4637,107.5909,21.7,93,26.8,100,1011.8,1
2022-05-03,Hue,16.4637,107.5909,22.3,87,19.2,100,1013.6,1
2022-05-04,Hue,16.4637,107.5909,22.8,83,15.9,91,1012.6,1
2022-05-05,Hue,16.4637,107.5909,24.5,83,12.5,86,1010.1,0
2022-05-06,Hue,16.4637,107.5909,25.6,88,12.1,87,1009.0,1
2022-05-07,Hue,16.4637,107.5909,26.0,89,16.9,85,1009.0,1
2022-05-08,Hue,16.4637,107.5909,26.3,88,17.0,84,1008.9,1
2022-05-09,Hue,16.4637,107.5909,26.8,89,16.2,75,1008.5,1
2022-05-10,Hue,16.4637,107.5909,27.4,88,12.0,69,1007.0,1
2022-05-11,Hue,16.4637,107.5909,27.9,85,8.7,55,1005.8,1
2022-05-12,Hue,16.4637,107.5909,28.3,83,10.7,74,1004.8,1
2022-05-13,Hue,16.4637,107.5909,28.3,85,9.8,99,1004.0,0
2022-05-14,Hue,16.4637,107.5909,28.1,87,9.9,96,1006.0,1
2022-05-15,Hue,16.4637,107.5909,28.1,87,9.4,93,1006.8,1
2022-05-16,Hue,16.4637,107.5909,24.6,92,23.2,100,1009.7,1
2022-05-17,Hue,16.4637,107.5909,23.5,92,12.4,100,1011.0,1
2022-05-18,Hue,16.4637,107.5909,24.3,91,10.5,95,1011.0,1
2022-05-19,Hue,16.4637,107.5909,25.6,89,14.5,89,1009.6,1
2022-05-20,Hue,16.4637,107.5909,26.1,91,12.5,97,1007.5,1
2022-05-21,Hue,16.4637,107.5909,26.4,89,14.1,99,1004.7,1
2022-05-22,Hue,16.4637,107.5909,27.1,90,13.9,100,1001.5,1
2022-05-23,Hue,16.4637,107.5909,27.4,89,11.2,99,1002.1,1
2022-05-24,Hue,16.4637,107.5909,27.8,87,9.2,98,1005.3,1
2022-05-25,Hue,16.4637,107.5909,27.8,90,9.9,96,1005.5,1
2022-05-26,Hue,16.4637,107.5909,28.4,84,8.4,98,1002.9,1
2022-05-27,Hue,16.4637,107.5909,27.9,83,9.2,92,1001.6,1
2022-05-28,Hue,16.4637,107.5909,27.4,87,10.2,65,1001.7,1
2022-05-29,Hue,16.4637,107.5909,27.9,83,15.0,18,1002.5,1
2022-05-30,Hue,16.4637,107.5909,27.8,85,9.4,52,1003.2,1
2022-05-31,Hue,16.4637,107.5909,27.7,88,9.0,90,1003.9,1
2022-06-01,Hue,16.4637,107.5909,28.2,86,12.3,77,1004.6,1
2022-06-02,Hue,16.4637,107.5909,28.1,86,8.7,88,1004.1,1
2022-06-03,Hue,16.4637,107.5909,28.6,83,11.5,94,1004.0,1
2022-06-04,Hue,16.4637,107.5909,29.2,77,13.8,92,1004.3,1
2022-06-05,Hue,16.4637,107.5909,29.2,76,12.7,94,1003.4,1
2022-06-06,Hue,16.4637,107.5909,29.3,77,10.5,98,1003.0,1
2022-06-07,Hue,16.4637,107.5909,28.9,79,11.5,100,1003.6,1
2022-06-08,Hue,16.4637,107.5909,28.9,78,12.2,100,1004.4,0
2022-06-09,Hue,16.4637,107.5909,29.1,76,12.3,100,1004.0,0
2022-06-10,Hue,16.4637,107.5909,30.0,71,13.3,100,1003.7,0
2022-06-11,Hue,16.4637,107.5909,29.5,74,16.4,100,1004.8,0
2022-06-12,Hue,16.4637,107.5909,29.5,75,16.1,99,1005.3,0
2022-06-13,Hue,16.4637,107.5909,29.5,78,13.0,100,1005.0,0
2022-06-14,Hue,16.4637,107.5909,29.3,78,10.9,100,1005.6,1
2022-06-15,Hue,16.4637,107.5909,28.4,84,11.8,100,1007.2,1
2022-06-16,Hue,16.4637,107.5909,29.3,78,9.0,96,1007.1,1
2022-06-17,Hue,16.4637,107.5909,29.6,75,12.5,68,1006.0,1
2022-06-18,Hue,16.4637,107.5909,30.4,70,16.9,92,1004.6,1
2022-06-19,Hue,16.4637,107.5909,31.1,67,10.1,81,1003.4,0
2022-06-20,Hue,16.4637,107.5909,31.0,69,19.8,79,1002.0,0
2022-06-21,Hue,16.4637,107.5909,30.7,68,18.5,82,1002.3,1
2022-06-22,Hue,16.4637,107.5909,29.8,68,16.2,99,1005.7,1
2022-06-23,Hue,16.4637,107.5909,29.2,72,15.9,80,1006.9,0
2022-06-24,Hue,16.4637,107.5909,28.5,77,11.1,80,1006.0,1
2022-06-25,Hue,16.4637,107.5909,27.9,82,10.1,95,1005.3,1
2022-06-26,Hue,16.4637,107.5909,28.4,79,14.7,46,1006.6,1
2022-06-27,Hue,16.4637,107.5909,29.3,76,13.3,49,1005.8,0
2022-06-28,Hue,16.4637,107.5909,30.9,71,8.1,76,1002.9,0
2022-06-29,Hue,16.4637,107.5909,31.1,65,17.9,93,1000.2,1
2022-06-30,Hue,16.4637,107.5909,29.5,77,9.4,100,1000.0,1
2022-07-01,Hue,16.4637,107.5909,27.4,88,12.5,100,999.8,1
2022-07-02,Hue,16.4637,107.5909,27.5,85,11.2,100,999.0,1
2022-07-03,Hue,16.4637,107.5909,30.4,66,15.1,98,1000.1,1
2022-07-04,Hue,16.4637,107.5909,31.0,65,12.2,100,1000.7,1
2022-07-05,Hue,16.4637,107.5909,30.7,69,10.2,99,1002.2,1
2022-07-06,Hue,16.4637,107.5909,29.5,80,11.5,95,1003.9,1
2022-07-07,Hue,16.4637,107.5909,28.7,84,13.1,98,1004.0,1
2022-07-08,Hue,16.4637,107.5909,28.4,82,15.3,100,1004.2,1
2022-07-09,Hue,16.4637,107.5909,27.1,87,9.9,100,1003.6,1
2022-07-10,Hue,16.4637,107.5909,25.8,93,7.9,100,1003.6,1
2022-07-11,Hue,16.4637,107.5909,26.2,90,11.9,83,1003.2,1
2022-07-12,Hue,16.4637,107.5909,26.9,89,16.7,68,1002.8,1
2022-07-13,Hue,16.4637,107.5909,27.0,88,14.2,84,1002.0,1
2022-07-14,Hue,16.4637,107.5909,27.0,88,11.0,65,1002.5,1
2022-07-15,Hue,16.4637,107.5909,27.6,87,11.8,34,1004.0,1
2022-07-16,Hue,16.4637,107.5909,28.0,85,11.4,78,1004.6,1
2022-07-17,Hue,16.4637,107.5909,28.7,82,9.0,56,1004.6,1
2022-07-18,Hue,16.4637,107.5909,29.6,76,10.7,83,1003.0,0
2022-07-19,Hue,16.4637,107.5909,28.9,79,16.3,100,1002.9,1
2022-07-20,Hue,16.4637,107.5909,28.0,86,11.4,96,1004.6,1
2022-07-21,Hue,16.4637,107.5909,27.5,87,11.0,64,1006.9,1
2022-07-22,Hue,16.4637,107.5909,27.8,85,13.6,74,1009.0,1
2022-07-23,Hue,16.4637,107.5909,28.0,80,8.7,32,1008.2,0
2022-07-24,Hue,16.4637,107.5909,28.1,78,14.2,2,1006.7,0
2022-07-25,Hue,16.4637,107.5909,28.1,79,13.6,34,1007.1,0
2022-07-26,Hue,16.4637,107.5909,28.1,80,14.9,45,1006.7,0
2022-07-27,Hue,16.4637,107.5909,28.6,77,14.5,48,1006.1,0
2022-07-28,Hue,16.4637,107.5909,29.3,74,12.9,27,1005.7,1
2022-07-29,Hue,16.4637,107.5909,29.7,74,14.7,67,1004.6,1
2022-07-30,Hue,16.4637,107.5909,30.4,70,11.4,82,1003.4,1
2022-07-31,Hue,16.4637,107.5909,29.2,75,9.5,33,1003.1,1
2022-08-01,Hue,16.4637,107.5909,28.6,78,9.2,43,1003.9,1
2022-08-02,Hue,16.4637,107.5909,28.7,80,10.7,37,1005.3,1
2022-08-03,Hue,16.4637,107.5909,28.8,80,12.6,82,1006.0,1
2022-08-04,Hue,16.4637,107.5909,28.8,77,8.4,77,1004.4,1
2022-08-05,Hue,16.4637,107.5909,28.1,81,10.5,98,1003.6,1
2022-08-06,Hue,16.4637,107.5909,27.6,84,9.8,98,1003.6,1
2022-08-07,Hue,16.4637,107.5909,26.8,88,11.0,100,1003.9,1
2022-08-08,Hue,16.4637,107.5909,25.6,91,20.4,100,1002.8,1
2022-08-09,Hue,16.4637,107.5909,25.2,90,17.9,100,1002.0,1
2022-08-10,Hue,16.4637,107.5909,27.6,83,12.2,100,1000.7,1
2022-08-11,Hue,16.4637,107.5909,27.2,85,12.2,100,1002.3,1
2022-08-12,Hue,16.4637,107.5909,27.6,86,10.5,100,1005.3,1
2022-08-13,Hue,16.4637,107.5909,28.1,83,13.9,74,1006.4,1
2022-08-14,Hue,16.4637,107.5909,28.4,82,8.3,48,1006.1,1
2022-08-15,Hue,16.4637,107.5909,27.6,81,14.2,74,1004.9,1
2022-08-16,Hue,16.4637,107.5909,27.9,82,10.8,85,1004.2,1
2022-08-17,Hue,16.4637,107.5909,28.3,82,10.6,86,1004.6,1
2022-08-18,Hue,16.4637,107.5909,28.3,82,8.9,59,1004.3,1
2022-08-19,Hue,16.4637,107.5909,28.1,84,11.5,99,1003.2,1
2022-08-20,Hue,16.4637,107.5909,26.6,90,10.7,100,1002.3,1
2022-08-21,Hue,16.4637,107.5909,27.8,85,8.6,73,1003.2,1
2022-08-22,Hue,16.4637,107.5909,28.2,81,10.0,45,1005.1,1
2022-08-23,Hue,16.4637,107.5909,28.2,81,13.6,97,1005.4,1
2022-08-24,Hue,16.4637,107.5909,28.3,80,15.6,94,1003.3,1
2022-08-25,Hue,16.4637,107.5909,28.1,80,12.3,100,1001.5,1
2022-08-26,Hue,16.4637,107.5909,28.3,81,8.4,91,1005.1,1
2022-08-27,Hue,16.4637,107.5909,28.4,80,11.3,94,1007.7,0
2022-08-28,Hue,16.4637,107.5909,28.4,79,12.0,53,1007.1,0
2022-08-29,Hue,16.4637,107.5909,28.7,75,19.8,49,1008.0,1
2022-08-30,Hue,16.4637,107.5909,28.6,79,15.9,77,1008.0,1
2022-08-31,Hue,16.4637,107.5909,28.7,77,11.4,83,1006.2,1
2022-09-01,Hue,16.4637,107.5909,28.4,79,12.7,37,1007.0,1
2022-09-02,Hue,16.4637,107.5909,28.0,83,15.4,88,1007.1,1
2022-09-03,Hue,16.4637,107.5909,28.6,81,15.0,100,1005.3,1
2022-09-04,Hue,16.4637,107.5909,28.5,80,15.9,76,1005.5,1
2022-09-05,Hue,16.4637,107.5909,28.1,79,16.6,71,1006.6,1
2022-09-06,Hue,16.4637,107.5909,28.2,77,17.6,76,1007.0,1
2022-09-07,Hue,16.4637,107.5909,25.3,91,8.3,100,1008.6,1
2022-09-08,Hue,16.4637,107.5909,27.1,85,22.0,91,1008.6,1
2022-09-09,Hue,16.4637,107.5909,26.9,88,17.7,96,1009.9,1
2022-09-10,Hue,16.4637,107.5909,26.5,88,18.2,83,1010.2,1
2022-09-11,Hue,16.4637,107.5909,27.2,84,13.0,44,1008.9,1
2022-09-12,Hue,16.4637,107.5909,27.5,82,12.7,16,1008.0,0
2022-09-13,Hue,16.4637,107.5909,27.7,80,12.6,31,1008.3,1
2022-09-14,Hue,16.4637,107.5909,27.2,86,10.5,61,1008.3,1
2022-09-15,Hue,16.4637,107.5909,27.1,85,10.7,69,1006.5,1
2022-09-16,Hue,16.4637,107.5909,27.4,82,11.6,41,1004.6,1
2022-09-17,Hue,16.4637,107.5909,27.3,81,9.4,31,1005.5,1
2022-09-18,Hue,16.4637,107.5909,26.9,83,9.0,64,1006.5,1
2022-09-19,Hue,16.4637,107.5909,27.5,80,10.0,96,1006.1,1
2022-09-20,Hue,16.4637,107.5909,27.8,77,13.2,98,1005.5,0
2022-09-21,Hue,16.4637,107.5909,26.2,86,11.7,94,1006.7,1
2022-09-22,Hue,16.4637,107.5909,26.0,89,9.5,97,1007.2,1
2022-09-23,Hue,16.4637,107.5909,25.1,92,8.9,100,1007.6,1
2022-09-24,Hue,16.4637,107.5909,25.0,92,8.2,100,1007.2,1
2022-09-25,Hue,16.4637,107.5909,25.1,91,8.4,91,1008.2,1
2022-09-26,Hue,16.4637,107.5909,25.5,89,11.5,94,1007.8,1
2022-09-27,Hue,16.4637,107.5909,24.6,91,37.4,98,1003.1,1
2022-09-28,Hue,16.4637,107.5909,26.9,83,41.1,100,994.6,1
2022-09-29,Hue,16.4637,107.5909,26.4,81,17.3,98,1001.8,1
2022-09-30,Hue,16.4637,107.5909,26.9,85,8.6,96,1006.1,1
2022-10-01,Hue,16.4637,107.5909,26.4,91,9.7,100,1007.8,1
2022-10-02,Hue,16.4637,107.5909,26.8,87,19.9,94,1008.4,1
2022-10-03,Hue,16.4637,107.5909,26.4,87,18.0,45,1009.7,1
2022-10-04,Hue,16.4637,107.5909,25.4,90,11.8,92,1011.6,1
2022-10-05,Hue,16.4637,107.5909,25.4,90,12.0,95,1011.6,1
2022-10-06,Hue,16.4637,107.5909,25.4,91,11.7,78,1011.5,1
2022-10-07,Hue,16.4637,107.5909,26.0,89,14.7,84,1011.5,1
2022-10-08,Hue,16.4637,107.5909,25.3,91,11.4,100,1011.7,1
2022-10-09,Hue,16.4637,107.5909,24.6,92,14.6,99,1012.9,1
2022-10-10,Hue,16.4637,107.5909,24.6,88,22.2,100,1014.7,1
2022-10-11,Hue,16.4637,107.5909,24.7,84,19.1,100,1014.0,1
2022-10-12,Hue,16.4637,107.5909,24.1,83,17.0,97,1013.1,1
2022-10-13,Hue,16.4637,107.5909,24.3,76,19.1,99,1011.4,1
2022-10-14,Hue,16.4637,107.5909,23.7,88,39.6,100,1007.0,1
2022-10-15,Hue,16.4637,107.5909,25.4,89,43.0,98,1005.5,1
2022-10-16,Hue,16.4637,107.5909,25.2,81,18.5,100,1010.5,1
2022-10-17,Hue,16.4637,107.5909,24.4,72,26.4,100,1011.6,1
2022-10-18,Hue,16.4637,107.5909,25.3,67,26.9,100,1011.2,1
2022-10-19,Hue,16.4637,107.5909,23.0,84,27.1,100,1011.1,1
2022-10-20,Hue,16.4637,107.5909,21.9,80,25.4,98,1012.4,1
2022-10-21,Hue,16.4637,107.5909,23.5,83,20.5,96,1013.5,1
2022-10-22,Hue,16.4637,107.5909,23.8,95,25.7,100,1013.1,1
2022-10-23,Hue,16.4637,107.5909,24.7,88,14.8,68,1013.3,1
2022-10-24,Hue,16.4637,107.5909,25.3,86,15.0,80,1011.8,1
2022-10-25,Hue,16.4637,107.5909,24.2,94,14.0,99,1012.1,1
2022-10-26,Hue,16.4637,107.5909,25.8,83,20.2,86,1012.0,1
2022-10-27,Hue,16.4637,107.5909,25.0,86,16.0,100,1012.1,1
2022-10-28,Hue,16.4637,107.5909,24.8,84,20.6,98,1012.2,1
2022-10-29,Hue,16.4637,107.5909,24.6,81,18.9,91,1011.7,1
2022-10-30,Hue,16.4637,107.5909,24.5,83,17.9,100,1011.0,1
2022-10-31,Hue,16.4637,107.5909,24.4,77,28.8,96,1011.2,1
2022-11-01,Hue,16.4637,107.5909,23.8,71,23.2,82,1011.6,1
2022-11-02,Hue,16.4637,107.5909,22.9,71,16.0,97,1011.1,0
2022-11-03,Hue,16.4637,107.5909,22.0,78,13.7,42,1012.2,0
2022-11-04,Hue,16.4637,107.5909,22.3,85,18.4,47,1014.4,1
2022-11-05,Hue,16.4637,107.5909,23.0,89,12.1,84,1016.0,1
2022-11-06,Hue,16.4637,107.5909,23.3,87,15.6,47,1015.6,1
2022-11-07,Hue,16.4637,107.5909,23.4,84,14.9,36,1014.5,1
2022-11-08,Hue,16.4637,107.5909,23.7,83,14.4,48,1014.3,1
2022-11-09,Hue,16.4637,107.5909,24.2,88,12.7,78,1013.8,1
2022-11-10,Hue,16.4637,107.5909,24.3,91,14.1,66,1013.4,1
2022-11-11,Hue,16.4637,107.5909,24.7,89,15.5,62,1013.2,1
2022-11-12,Hue,16.4637,107.5909,24.5,90,14.5,92,1012.3,1
2022-11-13,Hue,16.4637,107.5909,25.4,88,18.1,75,1012.2,1
2022-11-14,Hue,16.4637,107.5909,25.4,89,14.8,49,1012.6,1
2022-11-15,Hue,16.4637,107.5909,25.3,90,11.4,70,1012.0,1
2022-11-16,Hue,16.4637,107.5909,25.2,89,15.0,46,1010.7,1
2022-11-17,Hue,16.4637,107.5909,25.3,88,15.3,23,1010.2,1
2022-11-18,Hue,16.4637,107.5909,25.5,87,17.5,73,1011.4,1
2022-11-19,Hue,16.4637,107.5909,24.6,90,17.4,99,1011.3,1
2022-11-20,Hue,16.4637,107.5909,24.1,93,13.4,100,1009.6,1
2022-11-21,Hue,16.4637,107.5909,24.4,93,15.3,100,1008.0,1
2022-11-22,Hue,16.4637,107.5909,25.2,90,12.4,96,1007.7,1
2022-11-23,Hue,16.4637,107.5909,25.2,91,16.2,99,1009.2,1
2022-11-24,Hue,16.4637,107.5909,25.7,91,16.2,95,1010.0,1
2022-11-25,Hue,16.4637,107.5909,25.9,88,16.3,65,1011.6,1
2022-11-26,Hue,16.4637,107.5909,25.5,90,12.6,45,1010.9,1
2022-11-27,Hue,16.4637,107.5909,25.8,89,11.9,67,1009.0,1
2022-11-28,Hue,16.4637,107.5909,26.4,87,8.2,64,1009.1,1
2022-11-29,Hue,16.4637,107.5909,26.4,86,15.0,16,1009.7,1
2022-11-30,Hue,16.4637,107.5909,25.6,86,18.8,24,1011.5,0
2022-12-01,Hue,16.4637,107.5909,23.9,92,15.7,83,1013.6,1
2022-12-02,Hue,16.4637,107.5909,23.3,91,27.2,99,1013.3,1
2022-12-03,Hue,16.4637,107.5909,22.1,94,15.8,100,1013.0,1
2022-12-04,Hue,16.4637,107.5909,24.0,91,15.4,99,1013.6,1
2022-12-05,Hue,16.4637,107.5909,23.1,91,26.1,100,1014.9,1
2022-12-06,Hue,16.4637,107.5909,22.1,91,11.5,99,1014.8,1
2022-12-07,Hue,16.4637,107.5909,22.9,89,16.5,90,1014.1,1
2022-12-08,Hue,16.4637,107.5909,23.2,91,18.4,98,1013.8,1
2022-12-09,Hue,16.4637,107.5909,22.7,93,15.5,98,1013.0,1
2022-12-10,Hue,16.4637,107.5909,22.5,89,10.8,90,1012.8,1
2022-12-11,Hue,16.4637,107.5909,21.2,90,11.0,95,1014.1,1
2022-12-12,Hue,16.4637,107.5909,21.2,79,21.7,77,1015.9,1
2022-12-13,Hue,16.4637,107.5909,19.9,80,18.3,60,1016.7,1
2022-12-14,Hue,16.4637,107.5909,20.0,76,21.6,90,1017.5,1
2022-12-15,Hue,16.4637,107.5909,19.5,79,12.3,76,1014.9,1
2022-12-16,Hue,16.4637,107.5909,20.1,89,14.4,79,1013.8,1
2022-12-17,Hue,16.4637,107.5909,20.3,91,29.2,100,1018.4,1
2022-12-18,Hue,16.4637,107.5909,17.6,83,29.9,100,1021.1,1
2022-12-19,Hue,16.4637,107.5909,18.1,82,11.5,96,1017.2,1
2022-12-20,Hue,16.4637,107.5909,19.8,83,12.9,97,1014.2,1
2022-12-21,Hue,16.4637,107.5909,20.0,91,19.0,93,1014.2,1
2022-12-22,Hue,16.4637,107.5909,19.4,81,13.0,93,1014.2,0
2022-12-23,Hue,16.4637,107.5909,19.1,86,11.0,67,1015.1,1
2022-12-24,Hue,16.4637,107.5909,19.8,81,17.5,69,1016.7,1
2022-12-25,Hue,16.4637,107.5909,20.1,80,15.8,43,1017.4,1
2022-12-26,Hue,16.4637,107.5909,19.8,85,12.2,56,1018.3,1
2022-12-27,Hue,16.4637,107.5909,20.6,84,17.0,61,1017.7,1
2022-12-28,Hue,16.4637,107.5909,19.7,92,11.4,98,1018.0,1
2022-12-29,Hue,16.4637,107.5909,20.4,90,18.6,100,1019.4,1
2022-12-30,Hue,16.4637,107.5909,19.3,91,14.6,100,1021.4,1
2022-12-31,Hue,16.4637,107.5909,19.3,87,16.9,98,1020.7,1
2023-01-01,Hue,16.4637,107.5909,18.5,91,16.6,100,1020.0,1
2023-01-02,Hue,16.4637,107.5909,19.2,93,16.7,100,1019.8,1
2023-01-03,Hue,16.4637,107.5909,20.1,93,17.7,100,1019.9,1
2023-01-04,Hue,16.4637,107.5909,19.6,96,11.9,100,1018.8,1
2023-01-05,Hue,16.4637,107.5909,21.4,87,19.3,100,1018.8,1
2023-01-06,Hue,16.4637,107.5909,21.0,83,19.9,96,1019.6,1
2023-01-07,Hue,16.4637,107.5909,20.3,84,17.0,100,1017.6,1
2023-01-08,Hue,16.4637,107.5909,19.4,90,14.3,100,1016.1,1
2023-01-09,Hue,16.4637,107.5909,19.6,94,16.6,100,1016.4,1
2023-01-10,Hue,16.4637,107.5909,20.2,90,14.5,100,1015.3,1
2023-01-11,Hue,16.4637,107.5909,21.2,88,16.4,100,1013.5,1
2023-01-12,Hue,16.4637,107.5909,21.8,93,11.6,74,1011.5,1
2023-01-13,Hue,16.4637,107.5909,23.2,93,12.9,59,1009.6,1
2023-01-14,Hue,16.4637,107.5909,24.0,79,11.8,5,1007.6,0
2023-01-15,Hue,16.4637,107.5909,22.9,82,14.7,33,1009.7,1
2023-01-16,Hue,16.4637,107.5909,19.8,91,20.5,99,1016.5,1
2023-01-17,Hue,16.4637,107.5909,18.4,91,20.6,100,1018.8,1
2023-01-18,Hue,16.4637,107.5909,18.8,92,14.9,100,1020.3,1
2023-01-19,Hue,16.4637,107.5909,18.7,87,13.4,86,1019.0,1
2023-01-20,Hue,16.4637,107.5909,19.4,89,13.8,95,1018.3,1
2023-01-21,Hue,16.4637,107.5909,19.5,91,7.6,86,1016.0,1
2023-01-22,Hue,16.4637,107.5909,21.0,91,13.0,75,1013.2,0
2023-01-23,Hue,16.4637,107.5909,21.9,92,13.6,87,1012.7,1
2023-01-24,Hue,16.4637,107.5909,19.5,91,28.1,99,1018.8,1
2023-01-25,Hue,16.4637,107.5909,18.2,83,16.7,88,1018.0,1
2023-01-26,Hue,16.4637,107.5909,19.0,87,15.3,60,1014.5,1
2023-01-27,Hue,16.4637,107.5909,19.5,90,28.1,100,1017.4,1
2023-01-28,Hue,16.4637,107.5909,17.0,89,20.9,100,1019.8,1
2023-01-29,Hue,16.4637,107.5909,16.8,83,18.7,92,1020.2,1
2023-01-30,Hue,16.4637,107.5909,16.0,81,9.3,68,1019.3,1
2023-01-31,Hue,16.4637,107.5909,17.2,87,13.0,50,1014.2,0
2023-02-01,Hue,16.4637,107.5909,19.9,90,16.0,58,1011.5,0
2023-02-02,Hue,16.4637,107.5909,22.1,92,18.2,58,1012.8,1
2023-02-03,Hue,16.4637,107.5909,23.4,90,22.4,22,1012.7,1
2023-02-04,Hue,16.4637,107.5909,23.3,90,19.5,25,1011.4,1
2023-02-05,Hue,16.4637,107.5909,23.6,89,16.3,20,1010.5,0
2023-02-06,Hue,16.4637,107.5909,23.5,89,13.9,65,1009.9,0
2023-02-07,Hue,16.4637,107.5909,23.7,92,11.2,69,1010.2,0
2023-02-08,Hue,16.4637,107.5909,24.5,88,17.9,32,1010.5,0
2023-02-09,Hue,16.4637,107.5909,24.4,89,13.5,34,1010.5,0
2023-02-10,Hue,16.4637,107.5909,24.8,89,11.2,39,1010.6,0
2023-02-11,Hue,16.4637,107.5909,25.0,87,14.4,4,1009.4,0
2023-02-12,Hue,16.4637,107.5909,25.5,87,14.5,40,1009.0,0
2023-02-13,Hue,16.4637,107.5909,25.9,86,15.0,34,1009.1,0
2023-02-14,Hue,16.4637,107.5909,23.4,94,17.9,97,1012.6,1
2023-02-15,Hue,16.4637,107.5909,21.4,92,25.9,100,1016.6,1
2023-02-16,Hue,16.4637,107.5909,21.3,86,23.8,66,1018.6,1
2023-02-17,Hue,16.4637,107.5909,21.1,86,16.0,68,1017.1,1
2023-02-18,Hue,16.4637,107.5909,21.8,88,15.1,87,1014.9,1
2023-02-19,Hue,16.4637,107.5909,21.9,89,14.8,85,1015.5,1
2023-02-20,Hue,16.4637,107.5909,21.7,88,14.0,89,1016.0,1
2023-02-21,Hue,16.4637,107.5909,21.4,85,20.5,70,1017.2,1
2023-02-22,Hue,16.4637,107.5909,21.3,83,19.1,78,1017.1,1
2023-02-23,Hue,16.4637,107.5909,22.0,82,16.8,66,1015.0,1
2023-02-24,Hue,16.4637,107.5909,20.5,86,16.4,61,1016.5,1
2023-02-25,Hue,16.4637,107.5909,20.1,90,19.5,93,1021.6,1
2023-02-26,Hue,16.4637,107.5909,20.0,82,22.2,80,1023.7,1
2023-02-27,Hue,16.4637,107.5909,19.2,91,15.7,95,1022.4,1
2023-02-28,Hue,16.4637,107.5909,20.4,92,15.5,96,1019.8,1
2023-03-01,Hue,16.4637,107.5909,21.4,88,18.5,59,1018.9,1
2023-03-02,Hue,16.4637,107.5909,21.3,84,13.4,38,1020.4,1
2023-03-03,Hue,16.4637,107.5909,20.6,84,17.1,34,1020.6,1
2023-03-04,Hue,16.4637,107.5909,21.1,87,19.4,52,1021.2,1
2023-03-05,Hue,16.4637,107.5909,20.6,86,17.0,42,1020.2,1
2023-03-06,Hue,16.4637,107.5909,20.3,84,14.6,28,1018.1,1
2023-03-07,Hue,16.4637,107.5909,20.8,83,19.8,23,1017.0,1
2023-03-08,Hue,16.4637,107.5909,21.0,84,17.5,10,1016.3,0
2023-03-09,Hue,16.4637,107.5909,21.3,88,12.8,51,1016.8,1
2023-03-10,Hue,16.4637,107.5909,21.5,85,18.7,18,1014.5,0
2023-03-11,Hue,16.4637,107.5909,21.4,84,16.3,46,1014.3,1
2023-03-12,Hue,16.4637,107.5909,21.8,88,12.7,90,1016.1,1
2023-03-13,Hue,16.4637,107.5909,22.1,86,19.4,98,1017.1,1
2023-03-14,Hue,16.4637,107.5909,20.9,90,14.3,79,1013.9,1
2023-03-15,Hue,16.4637,107.5909,22.6,85,21.0,77,1012.4,0
2023-03-16,Hue,16.4637,107.5909,23.4,86,19.4,78,1014.2,0
2023-03-17,Hue,16.4637,107.5909,23.6,86,17.2,85,1013.0,0
2023-03-18,Hue,16.4637,107.5909,23.6,86,17.2,69,1011.9,0
2023-03-19,Hue,16.4637,107.5909,24.0,87,16.0,65,1010.2,0
2023-03-20,Hue,16.4637,107.5909,25.1,89,13.3,60,1008.0,0
2023-03-21,Hue,16.4637,107.5909,27.2,83,14.7,28,1006.3,0
2023-03-22,Hue,16.4637,107.5909,27.8,79,15.1,19,1004.8,0
2023-03-23,Hue,16.4637,107.5909,28.6,79,15.2,30,1004.7,0
2023-03-24,Hue,16.4637,107.5909,28.0,83,12.8,47,1006.1,0
2023-03-25,Hue,16.4637,107.5909,27.6,85,15.2,42,1006.9,0
2023-03-26,Hue,16.4637,107.5909,26.2,88,17.6,44,1008.3,1
2023-03-27,Hue,16.4637,107.5909,26.2,87,11.6,63,1010.0,1
2023-03-28,Hue,16.4637,107.5909,24.4,90,12.0,98,1012.4,1
2023-03-29,Hue,16.4637,107.5909,24.2,89,17.3,94,1011.8,1
2023-03-30,Hue,16.4637,107.5909,24.7,90,16.5,91,1010.0,1
2023-03-31,Hue,16.4637,107.5909,25.9,88,12.5,63,1009.1,1
2023-04-01,Hue,16.4637,107.5909,26.5,88,9.6,44,1007.9,0
2023-04-02,Hue,16.4637,107.5909,27.1,87,10.2,74,1006.9,0
2023-04-03,Hue,16.4637,107.5909,27.4,84,13.9,36,1006.1,1
2023-04-04,Hue,16.4637,107.5909,28.1,78,10.6,40,1004.9,0
2023-04-05,Hue,16.4637,107.5909,29.3,75,12.6,21,1005.3,1
2023-04-06,Hue,16.4637,107.5909,29.1,75,11.2,17,1006.7,0
2023-04-07,Hue,16.4637,107.5909,26.9,87,16.0,52,1010.9,1
2023-04-08,Hue,16.4637,107.5909,26.9,80,18.0,51,1014.0,1
2023-04-09,Hue,16.4637,107.5909,25.2,85,16.9,78,1014.1,1
2023-04-10,Hue,16.4637,107.5909,26.5,84,17.5,88,1010.1,0
2023-04-11,Hue,16.4637,107.5909,27.6,83,16.3,42,1007.6,0
2023-04-12,Hue,16.4637,107.5909,27.3,87,16.8,59,1007.7,1
2023-04-13,Hue,16.4637,107.5909,27.8,85,17.0,67,1007.6,1
2023-04-14,Hue,16.4637,107.5909,28.4,84,17.3,87,1006.6,0
2023-04-15,Hue,16.4637,107.5909,27.6,87,20.2,81,1007.8,1
2023-04-16,Hue,16.4637,107.5909,26.6,88,11.5,98,1008.2,1
2023-04-17,Hue,16.4637,107.5909,28.5,84,16.2,83,1007.1,0
2023-04-18,Hue,16.4637,107.5909,29.4,77,16.0,16,1006.0,0
2023-04-19,Hue,16.4637,107.5909,30.3,71,17.7,6,1002.5,0
2023-04-20,Hue,16.4637,107.5909,31.1,69,10.5,31,1001.0,0
2023-04-21,Hue,16.4637,107.5909,31.3,66,13.0,29,1002.2,0
2023-04-22,Hue,16.4637,107.5909,29.9,74,13.5,28,1004.0,0
2023-04-23,Hue,16.4637,107.5909,29.9,76,12.3,63,1006.6,0
2023-04-24,Hue,16.4637,107.5909,28.8,79,15.7,60,1009.2,0
2023-04-25,Hue,16.4637,107.5909,28.0,80,20.2,53,1009.6,1
2023-04-26,Hue,16.4637,107.5909,26.4,82,17.0,84,1011.0,1
2023-04-27,Hue,16.4637,107.5909,27.0,79,22.0,47,1010.2,1
2023-04-28,Hue,16.4637,107.5909,28.0,78,17.0,38,1008.9,1
2023-04-29,Hue,16.4637,107.5909,27.9,80,18.4,33,1008.5,0
2023-04-30,Hue,16.4637,107.5909,26.1,83,13.7,78,1010.4,1
2023-05-01,Hue,16.4637,107.5909,26.2,81,14.8,67,1010.8,1
2023-05-02,Hue,16.4637,107.5909,27.4,77,22.7,31,1009.9,0
2023-05-03,Hue,16.4637,107.5909,28.9,76,16.3,20,1008.9,0
2023-05-04,Hue,16.4637,107.5909,30.6,70,16.9,56,1005.2,0
2023-05-05,Hue,16.4637,107.5909,31.8,62,14.8,58,1002.0,0
2023-05-06,Hue,16.4637,107.5909,33.1,61,17.1,53,1000.6,0
2023-05-07,Hue,16.4637,107.5909,33.5,59,13.6,32,1000.9,1
2023-05-08,Hue,16.4637,107.5909,29.6,73,16.0,78,1005.4,0
2023-05-09,Hue,16.4637,107.5909,27.9,83,13.5,85,1008.0,1
2023-05-10,Hue,16.4637,107.5909,28.0,84,14.4,59,1008.2,1
2023-05-11,Hue,16.4637,107.5909,27.4,86,11.5,90,1009.5,1
2023-05-12,Hue,16.4637,107.5909,26.0,91,13.6,99,1010.1,1
2023-05-13,Hue,16.4637,107.5909,25.8,84,17.3,97,1011.0,1
2023-05-14,Hue,16.4637,107.5909,25.9,85,18.1,100,1010.5,1
2023-05-15,Hue,16.4637,107.5909,27.2,85,15.4,95,1009.2,1
2023-05-16,Hue,16.4637,107.5909,29.3,78,12.8,86,1006.9,1
2023-05-17,Hue,16.4637,107.5909,30.2,73,12.7,59,1006.0,0
2023-05-18,Hue,16.4637,107.5909,31.1,67,10.4,54,1005.2,0
2023-05-19,Hue,16.4637,107.5909,31.1,64,10.0,30,1004.5,1
2023-05-20,Hue,16.4637,107.5909,31.4,65,15.1,69,1004.7,1
2023-05-21,Hue,16.4637,107.5909,31.1,68,18.5,60,1005.9,1
2023-05-22,Hue,16.4637,107.5909,31.4,66,14.3,72,1005.9,0
2023-05-23,Hue,16.4637,107.5909,31.3,66,14.3,40,1005.5,0
2023-05-24,Hue,16.4637,107.5909,29.9,71,14.2,50,1006.1,1
2023-05-25,Hue,16.4637,107.5909,28.4,80,11.3,85,1007.2,1
2023-05-26,Hue,16.4637,107.5909,28.2,79,12.0,52,1007.5,1
2023-05-27,Hue,16.4637,107.5909,28.4,81,13.5,12,1006.2,1
2023-05-28,Hue,16.4637,107.5909,28.4,80,16.6,28,1006.1,1
2023-05-29,Hue,16.4637,107.5909,27.9,84,14.3,25,1006.6,1
2023-05-30,Hue,16.4637,107.5909,28.7,81,10.5,21,1005.5,1
2023-05-31,Hue,16.4637,107.5909,30.1,70,12.7,40,1003.3,1
2023-06-01,Hue,16.4637,107.5909,31.5,64,12.4,47,1002.0,1
2023-06-02,Hue,16.4637,107.5909,31.8,64,12.6,42,1003.1,1
2023-06-03,Hue,16.4637,107.5909,31.6,63,11.1,44,1004.8,1
2023-06-04,Hue,16.4637,107.5909,30.3,70,12.8,59,1005.1,1
2023-06-05,Hue,16.4637,107.5909,29.6,76,10.0,94,1004.2,1
2023-06-06,Hue,16.4637,107.5909,28.2,81,14.7,99,1004.2,1
2023-06-07,Hue,16.4637,107.5909,27.4,87,9.1,98,1005.3,1
2023-06-08,Hue,16.4637,107.5909,28.4,83,8.2,98,1004.6,1
2023-06-09,Hue,16.4637,107.5909,29.7,74,12.9,90,1003.0,1
2023-06-10,Hue,16.4637,107.5909,29.5,75,15.1,98,1001.6,1
2023-06-11,Hue,16.4637,107.5909,30.9,64,17.8,97,1001.0,1
2023-06-12,Hue,16.4637,107.5909,30.8,69,12.6,100,1002.0,1
2023-06-13,Hue,16.4637,107.5909,31.8,61,13.1,99,1002.7,1
2023-06-14,Hue,16.4637,107.5909,31.5,61,13.7,100,1004.5,1
2023-06-15,Hue,16.4637,107.5909,32.0,58,14.8,100,1004.4,1
2023-06-16,Hue,16.4637,107.5909,30.9,67,15.6,99,1004.2,1
2023-06-17,Hue,16.4637,107.5909,29.2,79,15.1,96,1005.3,1
2023-06-18,Hue,16.4637,107.5909,29.4,77,12.6,99,1005.3,1
2023-06-19,Hue,16.4637,107.5909,30.2,72,15.0,71,1004.8,1
2023-06-20,Hue,16.4637,107.5909,30.1,71,10.2,21,1004.7,1
2023-06-21,Hue,16.4637,107.5909,30.4,71,6.0,28,1005.4,1
2023-06-22,Hue,16.4637,107.5909,31.3,65,10.8,19,1005.1,1
2023-06-23,Hue,16.4637,107.5909,31.2,65,10.6,85,1004.0,1
2023-06-24,Hue,16.4637,107.5909,29.9,76,14.6,100,1003.9,1
2023-06-25,Hue,16.4637,107.5909,29.1,77,11.2,100,1004.8,1
2023-06-26,Hue,16.4637,107.5909,28.4,82,11.5,99,1005.4,1
2023-06-27,Hue,16.4637,107.5909,29.1,78,12.0,84,1006.3,1
2023-06-28,Hue,16.4637,107.5909,29.1,77,9.4,54,1007.1,1
2023-06-29,Hue,16.4637,107.5909,29.4,77,11.2,30,1005.4,1
2023-06-30,Hue,16.4637,107.5909,30.1,73,13.0,43,1003.8,1
2023-07-01,Hue,16.4637,107.5909,30.5,70,11.9,70,1004.1,1
2023-07-02,Hue,16.4637,107.5909,29.7,73,10.8,96,1005.3,1
2023-07-03,Hue,16.4637,107.5909,29.6,75,18.6,99,1006.0,0
2023-07-04,Hue,16.4637,107.5909,29.6,74,13.5,84,1006.5,1
2023-07-05,Hue,16.4637,107.5909,29.6,70,17.3,41,1006.2,0
2023-07-06,Hue,16.4637,107.5909,30.2,70,16.3,11,1006.5,0
2023-07-07,Hue,16.4637,107.5909,31.1,68,13.6,26,1006.6,0
2023-07-08,Hue,16.4637,107.5909,31.6,64,13.2,19,1006.9,1
2023-07-09,Hue,16.4637,107.5909,30.6,69,10.0,32,1007.3,1
2023-07-10,Hue,16.4637,107.5909,29.9,72,11.8,40,1006.8,1
2023-07-11,Hue,16.4637,107.5909,31.2,67,15.5,58,1006.3,1
2023-07-12,Hue,16.4637,107.5909,31.2,68,16.8,67,1006.2,0
2023-07-13,Hue,16.4637,107.5909,31.7,64,17.3,52,1004.6,1
2023-07-14,Hue,16.4637,107.5909,32.1,61,10.6,86,1003.3,1
2023-07-15,Hue,16.4637,107.5909,31.7,62,21.5,93,1001.7,1
2023-07-16,Hue,16.4637,107.5909,31.3,60,20.9,100,999.5,1
2023-07-17,Hue,16.4637,107.5909,29.0,74,12.9,100,998.6,1
2023-07-18,Hue,16.4637,107.5909,31.9,61,13.3,93,999.2,1
2023-07-19,Hue,16.4637,107.5909,29.7,74,11.8,73,1002.3,1
2023-07-20,Hue,16.4637,107.5909,29.3,80,12.8,59,1003.8,1
2023-07-21,Hue,16.4637,107.5909,29.3,77,20.3,69,1006.3,1
2023-07-22,Hue,16.4637,107.5909,29.2,76,20.9,26,1008.2,1
2023-07-23,Hue,16.4637,107.5909,29.2,75,15.0,44,1007.3,1
2023-07-24,Hue,16.4637,107.5909,28.9,73,14.8,44,1005.5,1
2023-07-25,Hue,16.4637,107.5909,28.8,75,16.5,61,1005.2,1
2023-07-26,Hue,16.4637,107.5909,30.0,71,13.0,42,1003.9,1
2023-07-27,Hue,16.4637,107.5909,32.4,59,20.7,97,1000.7,0
2023-07-28,Hue,16.4637,107.5909,32.9,58,14.0,87,998.8,1
2023-07-29,Hue,16.4637,107.5909,31.3,65,16.9,78,1000.4,1
2023-07-30,Hue,16.4637,107.5909,29.8,76,12.2,93,1002.4,1
2023-07-31,Hue,16.4637,107.5909,30.6,67,18.0,97,1003.5,1
2023-08-01,Hue,16.4637,107.5909,29.8,69,10.3,100,1003.3,1
2023-08-02,Hue,16.4637,107.5909,29.3,69,8.8,100,1002.9,1
2023-08-03,Hue,16.4637,107.5909,28.4,81,7.9,100,1002.9,1
2023-08-04,Hue,16.4637,107.5909,28.2,81,9.8,100,1004.9,1
2023-08-05,Hue,16.4637,107.5909,30.5,64,19.8,99,1005.1,0
2023-08-06,Hue,16.4637,107.5909,31.4,57,20.8,98,1002.6,0
2023-08-07,Hue,16.4637,107.5909,32.3,52,26.2,70,1001.9,0
2023-08-08,Hue,16.4637,107.5909,32.7,52,18.5,34,1003.3,0
2023-08-09,Hue,16.4637,107.5909,33.0,51,16.3,72,1005.0,0
2023-08-10,Hue,16.4637,107.5909,33.7,50,11.6,70,1004.5,1
2023-08-11,Hue,16.4637,107.5909,32.7,57,18.5,89,1003.3,1
2023-08-12,Hue,16.4637,107.5909,33.1,53,15.1,92,1002.6,1
2023-08-13,Hue,16.4637,107.5909,32.2,58,13.3,99,1002.8,1
2023-08-14,Hue,16.4637,107.5909,31.6,63,15.8,88,1003.4,1
2023-08-15,Hue,16.4637,107.5909,30.9,67,17.4,97,1004.7,1
2023-08-16,Hue,16.4637,107.5909,30.5,70,16.0,90,1005.7,1
2023-08-17,Hue,16.4637,107.5909,30.6,72,11.7,60,1005.3,1
2023-08-18,Hue,16.4637,107.5909,30.7,70,17.0,69,1003.7,1
2023-08-19,Hue,16.4637,107.5909,31.0,66,16.3,90,1004.0,1
2023-08-20,Hue,16.4637,107.5909,30.6,68,19.2,97,1004.3,1
2023-08-21,Hue,16.4637,107.5909,29.0,79,14.0,94,1005.4,1
2023-08-22,Hue,16.4637,107.5909,29.2,81,9.7,100,1004.9,1
2023-08-23,Hue,16.4637,107.5909,30.2,72,12.4,97,1003.7,1
2023-08-24,Hue,16.4637,107.5909,29.3,76,11.4,100,1004.4,1
2023-08-25,Hue,16.4637,107.5909,29.8,75,12.6,85,1004.7,1
2023-08-26,Hue,16.4637,107.5909,30.7,72,14.2,97,1003.6,1
2023-08-27,Hue,16.4637,107.5909,32.0,60,11.9,95,1001.8,1
2023-08-28,Hue,16.4637,107.5909,31.8,60,21.3,98,1001.1,1
2023-08-29,Hue,16.4637,107.5909,29.1,77,22.7,100,1002.9,1
2023-08-30,Hue,16.4637,107.5909,27.1,86,22.2,96,1005.1,1
2023-08-31,Hue,16.4637,107.5909,25.7,92,14.8,97,1005.4,1
2023-09-01,Hue,16.4637,107.5909,27.9,78,17.0,75,1004.3,1
2023-09-02,Hue,16.4637,107.5909,28.9,73,20.2,66,1002.3,1
2023-09-03,Hue,16.4637,107.5909,29.1,72,16.4,67,1001.8,1
2023-09-04,Hue,16.4637,107.5909,27.7,81,16.2,70,1003.2,1
2023-09-05,Hue,16.4637,107.5909,28.2,82,11.6,90,1004.9,1
2023-09-06,Hue,16.4637,107.5909,27.7,89,7.1,100,1006.1,1
2023-09-07,Hue,16.4637,107.5909,27.5,87,8.1,96,1006.3,1
2023-09-08,Hue,16.4637,107.5909,27.6,87,12.7,97,1006.0,1
2023-09-09,Hue,16.4637,107.5909,28.1,87,9.8,93,1004.7,1
2023-09-10,Hue,16.4637,107.5909,28.3,85,13.6,100,1004.3,1
2023-09-11,Hue,16.4637,107.5909,28.8,78,11.0,100,1004.4,0
2023-09-12,Hue,16.4637,107.5909,29.1,73,10.5,99,1004.6,1
2023-09-13,Hue,16.4637,107.5909,29.1,75,12.3,96,1004.8,1
2023-09-14,Hue,16.4637,107.5909,27.1,87,8.4,99,1005.5,1
2023-09-15,Hue,16.4637,107.5909,26.6,90,9.1,98,1006.3,1
2023-09-16,Hue,16.4637,107.5909,26.7,89,11.9,98,1007.6,1
2023-09-17,Hue,16.4637,107.5909,26.7,91,9.2,99,1007.5,1
2023-09-18,Hue,16.4637,107.5909,27.7,86,10.6,95,1008.6,1
2023-09-19,Hue,16.4637,107.5909,28.2,84,10.7,48,1009.4,0
2023-09-20,Hue,16.4637,107.5909,28.2,81,14.0,30,1008.4,1
2023-09-21,Hue,16.4637,107.5909,28.2,82,14.3,46,1008.6,1
2023-09-22,Hue,16.4637,107.5909,28.1,84,11.7,32,1008.5,1
2023-09-23,Hue,16.4637,107.5909,27.9,83,14.3,68,1008.2,1
2023-09-24,Hue,16.4637,107.5909,27.0,86,7.9,97,1006.6,1
2023-09-25,Hue,16.4637,107.5909,25.4,94,18.7,100,1003.8,1
2023-09-26,Hue,16.4637,107.5909,26.6,89,11.2,99,1002.4,1
2023-09-27,Hue,16.4637,107.5909,27.1,88,11.2,100,1005.9,1
2023-09-28,Hue,16.4637,107.5909,26.6,91,9.1,100,1008.8,1
2023-09-29,Hue,16.4637,107.5909,27.0,87,8.0,98,1010.4,1
2023-09-30,Hue,16.4637,107.5909,27.1,87,12.8,76,1009.9,1
2023-10-01,Hue,16.4637,107.5909,27.5,85,13.0,43,1008.2,1
2023-10-02,Hue,16.4637,107.5909,27.8,84,13.0,57,1008.9,1
2023-10-03,Hue,16.4637,107.5909,27.2,88,10.8,84,1009.3,1
2023-10-04,Hue,16.4637,107.5909,26.8,89,8.9,82,1009.1,1
2023-10-05,Hue,16.4637,107.5909,28.1,85,10.1,59,1007.7,1
2023-10-06,Hue,16.4637,107.5909,27.7,85,13.7,52,1007.6,1
2023-10-07,Hue,16.4637,107.5909,27.0,86,11.9,91,1008.6,1
2023-10-08,Hue,16.4637,107.5909,26.3,88,18.8,85,1010.5,1
2023-10-09,Hue,16.4637,107.5909,25.5,90,14.8,99,1012.0,1
2023-10-10,Hue,16.4637,107.5909,25.4,91,11.5,98,1012.3,1
2023-10-11,Hue,16.4637,107.5909,25.2,89,16.6,90,1013.1,1
2023-10-12,Hue,16.4637,107.5909,24.5,95,16.1,99,1013.7,1
2023-10-13,Hue,16.4637,107.5909,24.4,94,17.0,100,1012.4,1
2023-10-14,Hue,16.4637,107.5909,24.4,92,15.8,100,1010.7,1
2023-10-15,Hue,16.4637,107.5909,24.9,90,20.9,99,1009.8,1
2023-10-16,Hue,16.4637,107.5909,25.0,90,17.7,100,1010.3,1
2023-10-17,Hue,16.4637,107.5909,25.0,92,21.6,100,1009.4,1
2023-10-18,Hue,16.4637,107.5909,24.3,93,26.7,100,1009.0,1
2023-10-19,Hue,16.4637,107.5909,26.4,84,10.0,96,1010.2,1
2023-10-20,Hue,16.4637,107.5909,26.1,86,12.6,78,1012.0,1
2023-10-21,Hue,16.4637,107.5909,24.5,89,22.3,87,1014.8,1
2023-10-22,Hue,16.4637,107.5909,24.1,88,21.9,98,1014.5,1
2023-10-23,Hue,16.4637,107.5909,24.3,94,13.7,100,1013.4,1
2023-10-24,Hue,16.4637,107.5909,24.8,93,12.5,100,1012.1,1
2023-10-25,Hue,16.4637,107.5909,25.3,91,10.8,96,1011.9,1
2023-10-26,Hue,16.4637,107.5909,25.8,91,7.9,87,1011.7,1
2023-10-27,Hue,16.4637,107.5909,25.8,92,10.1,75,1011.4,1
2023-10-28,Hue,16.4637,107.5909,26.1,90,12.3,88,1011.2,1
2023-10-29,Hue,16.4637,107.5909,25.9,90,14.0,94,1011.8,1
2023-10-30,Hue,16.4637,107.5909,24.3,93,17.7,100,1013.3,1
2023-10-31,Hue,16.4637,107.5909,24.9,89,16.9,90,1014.8,1
2023-11-01,Hue,16.4637,107.5909,24.9,90,14.2,88,1014.4,1
2023-11-02,Hue,16.4637,107.5909,25.2,92,12.4,98,1012.6,1
2023-11-03,Hue,16.4637,107.5909,25.8,88,15.0,66,1010.4,1
2023-11-04,Hue,16.4637,107.5909,26.2,88,16.0,37,1010.5,1
2023-11-05,Hue,16.4637,107.5909,26.2,89,12.5,47,1011.5,1
2023-11-06,Hue,16.4637,107.5909,25.8,90,11.8,71,1012.4,1
2023-11-07,Hue,16.4637,107.5909,24.6,92,15.0,95,1012.8,1
2023-11-08,Hue,16.4637,107.5909,25.4,89,13.0,90,1011.6,1
2023-11-09,Hue,16.4637,107.5909,25.7,91,10.7,96,1011.6,1
2023-11-10,Hue,16.4637,107.5909,26.4,88,13.7,70,1012.8,1
2023-11-11,Hue,16.4637,107.5909,26.3,90,13.2,46,1013.6,1
2023-11-12,Hue,16.4637,107.5909,25.4,91,14.6,65,1014.6,1
2023-11-13,Hue,16.4637,107.5909,24.4,93,19.1,99,1015.8,1
2023-11-14,Hue,16.4637,107.5909,24.2,92,21.2,100,1016.8,1
2023-11-15,Hue,16.4637,107.5909,24.6,91,19.2,98,1016.2,1
2023-11-16,Hue,16.4637,107.5909,24.5,87,32.7,93,1018.9,1
2023-11-17,Hue,16.4637,107.5909,22.4,76,27.7,100,1021.3,1
2023-11-18,Hue,16.4637,107.5909,21.6,74,14.1,86,1019.4,1
2023-11-19,Hue,16.4637,107.5909,22.1,79,14.1,77,1017.7,1
2023-11-20,Hue,16.4637,107.5909,22.6,84,10.5,76,1016.2,1
2023-11-21,Hue,16.4637,107.5909,22.8,81,12.8,73,1014.2,1
2023-11-22,Hue,16.4637,107.5909,22.3,88,8.4,89,1012.8,1
2023-11-23,Hue,16.4637,107.5909,24.2,85,19.3,66,1013.3,1
2023-11-24,Hue,16.4637,107.5909,23.5,80,16.4,60,1015.3,1
2023-11-25,Hue,16.4637,107.5909,23.1,88,19.1,94,1015.2,1
2023-11-26,Hue,16.4637,107.5909,24.5,87,23.1,100,1015.6,1
2023-11-27,Hue,16.4637,107.5909,23.3,80,16.6,54,1016.2,1
2023-11-28,Hue,16.4637,107.5909,22.6,80,16.9,60,1015.4,1
2023-11-29,Hue,16.4637,107.5909,23.3,90,7.9,94,1014.5,1
2023-11-30,Hue,16.4637,107.5909,24.6,90,16.9,89,1014.8,1
2023-12-01,Hue,16.4637,107.5909,23.7,93,15.5,98,1015.0,1
2023-12-02,Hue,16.4637,107.5909,24.3,89,20.5,97,1015.3,1
2023-12-03,Hue,16.4637,107.5909,24.3,89,20.7,100,1015.4,1
2023-12-04,Hue,16.4637,107.5909,24.4,90,15.1,94,1014.1,1
2023-12-05,Hue,16.4637,107.5909,24.6,88,15.2,61,1013.0,1
2023-12-06,Hue,16.4637,107.5909,24.1,88,14.4,68,1014.4,1
2023-12-07,Hue,16.4637,107.5909,22.5,91,23.2,100,1015.7,1
2023-12-08,Hue,16.4637,107.5909,22.9,85,12.2,70,1013.8,1
2023-12-09,Hue,16.4637,107.5909,23.3,89,12.7,82,1011.3,0
2023-12-10,Hue,16.4637,107.5909,24.2,90,11.6,65,1009.9,0
2023-12-11,Hue,16.4637,107.5909,24.6,91,12.4,57,1011.7,0
2023-12-12,Hue,16.4637,107.5909,24.2,88,14.5,86,1013.2,1
2023-12-13,Hue,16.4637,107.5909,23.9,87,11.2,47,1014.9,1
2023-12-14,Hue,16.4637,107.5909,24.4,89,14.2,76,1014.5,1
2023-12-15,Hue,16.4637,107.5909,24.9,90,14.4,69,1013.2,1
2023-12-16,Hue,16.4637,107.5909,24.4,90,15.6,90,1014.6,1
2023-12-17,Hue,16.4637,107.5909,23.3,90,26.5,97,1016.8,1
2023-12-18,Hue,16.4637,107.5909,22.9,92,17.7,93,1016.8,1
2023-12-19,Hue,16.4637,107.5909,22.5,92,11.6,98,1016.8,1
2023-12-20,Hue,16.4637,107.5909,21.1,92,25.2,100,1018.6,1
2023-12-21,Hue,16.4637,107.5909,19.2,89,23.7,100,1021.0,1
2023-12-22,Hue,16.4637,107.5909,17.6,89,23.5,100,1023.9,1
2023-12-23,Hue,16.4637,107.5909,18.6,88,21.1,100,1024.0,1
2023-12-24,Hue,16.4637,107.5909,19.3,82,23.9,100,1024.3,1
2023-12-25,Hue,16.4637,107.5909,18.5,86,12.6,100,1022.4,1
2023-12-26,Hue,16.4637,107.5909,18.8,91,10.9,100,1020.9,1
2023-12-27,Hue,16.4637,107.5909,20.0,94,15.1,99,1020.2,1
2023-12-28,Hue,16.4637,107.5909,21.1,94,14.5,100,1018.2,1
2023-12-29,Hue,16.4637,107.5909,21.7,94,20.0,100,1016.2,1
2023-12-30,Hue,16.4637,107.5909,22.8,93,12.1,98,1014.9,1
2023-12-31,Hue,16.4637,107.5909,22.9,92,14.9,95,1015.2,1
2024-01-01,Hue,16.4637,107.5909,22.8,89,17.2,80,1015.0,1
2024-01-02,Hue,16.4637,107.5909,22.5,90,15.4,87,1014.3,1
2024-01-03,Hue,16.4637,107.5909,22.7,86,21.0,58,1015.5,1
2024-01-04,Hue,16.4637,107.5909,22.7,80,18.8,31,1016.0,0
2024-01-05,Hue,16.4637,107.5909,21.8,83,20.2,55,1015.9,1
2024-01-06,Hue,16.4637,107.5909,22.3,83,17.4,52,1016.3,1
2024-01-07,Hue,16.4637,107.5909,22.4,84,16.9,69,1016.3,1
2024-01-08,Hue,16.4637,107.5909,22.8,84,15.6,32,1015.0,1
2024-01-09,Hue,16.4637,107.5909,22.3,86,14.9,45,1013.8,0
2024-01-10,Hue,16.4637,107.5909,23.3,85,21.7,34,1013.9,1
2024-01-11,Hue,16.4637,107.5909,23.7,80,25.6,46,1014.3,1
2024-01-12,Hue,16.4637,107.5909,23.1,80,21.6,19,1014.2,0
2024-01-13,Hue,16.4637,107.5909,22.2,80,21.6,23,1015.0,1
2024-01-14,Hue,16.4637,107.5909,21.9,83,17.5,48,1016.5,1
2024-01-15,Hue,16.4637,107.5909,22.0,82,19.9,44,1016.8,1
2024-01-16,Hue,16.4637,107.5909,22.1,81,20.2,25,1016.1,1
2024-01-17,Hue,16.4637,107.5909,22.3,81,20.2,85,1015.2,0
2024-01-18,Hue,16.4637,107.5909,22.3,84,15.7,59,1014.2,1
2024-01-19,Hue,16.4637,107.5909,22.3,84,13.8,45,1013.3,0
2024-01-20,Hue,16.4637,107.5909,21.8,85,15.7,73,1013.7,0
2024-01-21,Hue,16.4637,107.5909,22.3,79,24.6,41,1015.4,0
2024-01-22,Hue,16.4637,107.5909,22.7,81,18.2,74,1016.5,1
2024-01-23,Hue,16.4637,107.5909,19.0,92,24.1,100,1021.7,1
2024-01-24,Hue,16.4637,107.5909,18.0,91,16.3,100,1022.8,1
2024-01-25,Hue,16.4637,107.5909,17.3,93,16.6,100,1023.2,1
2024-01-26,Hue,16.4637,107.5909,18.8,88,15.1,95,1022.3,1
2024-01-27,Hue,16.4637,107.5909,18.9,84,18.2,99,1021.3,1
2024-01-28,Hue,16.4637,107.5909,19.3,85,15.5,96,1020.9,1
2024-01-29,Hue,16.4637,107.5909,19.3,85,14.4,100,1019.5,0
2024-01-30,Hue,16.4637,107.5909,21.0,88,12.4,99,1017.2,1
2024-01-31,Hue,16.4637,107.5909,22.2,90,10.1,59,1015.1,0
2024-02-01,Hue,16.4637,107.5909,22.9,92,11.2,81,1014.4,0
2024-02-02,Hue,16.4637,107.5909,23.6,91,12.6,43,1013.2,0
2024-02-03,Hue,16.4637,107.5909,23.9,89,15.5,9,1013.0,0
2024-02-04,Hue,16.4637,107.5909,24.4,90,11.8,44,1013.0,0
2024-02-05,Hue,16.4637,107.5909,25.1,88,14.3,10,1013.0,0
2024-02-06,Hue,16.4637,107.5909,25.1,89,11.6,35,1013.6,1
2024-02-07,Hue,16.4637,107.5909,24.8,90,11.5,48,1012.0,0
2024-02-08,Hue,16.4637,107.5909,23.9,89,20.1,98,1013.0,1
2024-02-09,Hue,16.4637,107.5909,20.5,90,21.4,100,1019.1,1
2024-02-10,Hue,16.4637,107.5909,19.0,92,20.3,100,1023.2,1
2024-02-11,Hue,16.4637,107.5909,18.9,91,14.8,100,1023.6,1
2024-02-12,Hue,16.4637,107.5909,21.0,84,16.6,90,1021.0,1
2024-02-13,Hue,16.4637,107.5909,21.3,83,18.8,77,1018.3,1
2024-02-14,Hue,16.4637,107.5909,22.3,87,18.6,30,1015.9,0
2024-02-15,Hue,16.4637,107.5909,22.7,89,17.0,67,1016.3,1
2024-02-16,Hue,16.4637,107.5909,22.7,88,14.7,63,1017.1,1
2024-02-17,Hue,16.4637,107.5909,21.9,89,17.0,33,1012.9,0
2024-02-18,Hue,16.4637,107.5909,23.6,91,13.1,49,1011.0,0
2024-02-19,Hue,16.4637,107.5909,24.6,91,14.4,76,1010.5,0
2024-02-20,Hue,16.4637,107.5909,25.7,90,14.4,50,1009.6,0
2024-02-21,Hue,16.4637,107.5909,26.1,88,15.5,47,1009.4,0
2024-02-22,Hue,16.4637,107.5909,25.8,90,12.2,28,1011.0,0
2024-02-23,Hue,16.4637,107.5909,24.8,91,22.8,57,1013.1,1
2024-02-24,Hue,16.4637,107.5909,24.1,85,22.0,19,1015.5,1
2024-02-25,Hue,16.4637,107.5909,23.0,88,16.1,65,1016.3,1
2024-02-26,Hue,16.4637,107.5909,23.2,85,18.0,67,1016.3,1
2024-02-27,Hue,16.4637,107.5909,23.0,91,15.2,93,1015.9,1
2024-02-28,Hue,16.4637,107.5909,23.0,89,15.4,59,1013.9,1
2024-02-29,Hue,16.4637,107.5909,23.1,88,13.9,70,1013.6,1
2024-03-01,Hue,16.4637,107.5909,21.6,93,17.9,98,1016.6,1
2024-03-02,Hue,16.4637,107.5909,19.9,91,17.7,100,1017.7,1
2024-03-03,Hue,16.4637,107.5909,21.2,89,15.5,50,1013.6,0
2024-03-04,Hue,16.4637,107.5909,24.8,89,13.0,27,1008.2,0
2024-03-05,Hue,16.4637,107.5909,27.4,78,15.2,18,1006.0,0
2024-03-06,Hue,16.4637,107.5909,27.7,76,20.0,45,1006.1,0
2024-03-07,Hue,16.4637,107.5909,23.8,88,15.1,100,1011.5,1
2024-03-08,Hue,16.4637,107.5909,23.5,90,12.1,74,1013.2,1
2024-03-09,Hue,16.4637,107.5909,23.4,90,12.4,95,1013.3,1
2024-03-10,Hue,16.4637,107.5909,22.7,90,15.8,100,1015.2,1
2024-03-11,Hue,16.4637,107.5909,21.8,92,21.2,98,1016.9,1
2024-03-12,Hue,16.4637,107.5909,21.9,88,14.8,61,1015.6,1
2024-03-13,Hue,16.4637,107.5909,23.7,89,15.4,32,1012.5,1
2024-03-14,Hue,16.4637,107.5909,25.4,88,12.3,71,1011.2,1
2024-03-15,Hue,16.4637,107.5909,25.2,90,13.0,72,1011.4,1
2024-03-16,Hue,16.4637,107.5909,25.7,88,10.0,68,1012.2,0
2024-03-17,Hue,16.4637,107.5909,25.2,90,15.1,39,1011.7,0
2024-03-18,Hue,16.4637,107.5909,25.4,89,14.5,55,1010.9,0
2024-03-19,Hue,16.4637,107.5909,24.9,88,23.2,67,1013.9,1
2024-03-20,Hue,16.4637,107.5909,22.9,92,16.6,97,1017.8,1
2024-03-21,Hue,16.4637,107.5909,22.4,89,16.3,70,1014.4,1
2024-03-22,Hue,16.4637,107.5909,24.7,87,13.7,36,1008.4,1
2024-03-23,Hue,16.4637,107.5909,26.8,85,13.0,21,1007.4,0
2024-03-24,Hue,16.4637,107.5909,26.6,88,8.7,28,1009.8,0
2024-03-25,Hue,16.4637,107.5909,26.8,90,9.1,27,1010.2,1
2024-03-26,Hue,16.4637,107.5909,26.2,88,22.0,80,1012.6,0
2024-03-27,Hue,16.4637,107.5909,26.0,86,17.0,30,1013.4,0
2024-03-28,Hue,16.4637,107.5909,26.2,88,12.1,80,1010.6,1
2024-03-29,Hue,16.4637,107.5909,26.1,90,11.2,99,1011.4,1
2024-03-30,Hue,16.4637,107.5909,27.2,89,10.5,69,1010.9,1
2024-03-31,Hue,16.4637,107.5909,28.7,81,10.1,16,1008.9,0
2024-04-01,Hue,16.4637,107.5909,29.5,74,15.9,9,1006.1,0
2024-04-02,Hue,16.4637,107.5909,29.9,73,16.9,4,1004.6,0
2024-04-03,Hue,16.4637,107.5909,29.7,76,14.4,9,1005.5,0
2024-04-04,Hue,16.4637,107.5909,29.6,79,13.4,24,1005.4,0
2024-04-05,Hue,16.4637,107.5909,29.0,80,16.2,17,1005.4,0
2024-04-06,Hue,16.4637,107.5909,28.5,83,14.4,34,1006.5,0
2024-04-07,Hue,16.4637,107.5909,28.4,84,15.9,27,1006.0,0
2024-04-08,Hue,16.4637,107.5909,28.6,85,13.2,78,1008.1,0
2024-04-09,Hue,16.4637,107.5909,27.2,85,19.9,63,1011.4,1
2024-04-10,Hue,16.4637,107.5909,27.1,82,19.9,37,1012.1,0
2024-04-11,Hue,16.4637,107.5909,27.0,81,21.3,32,1011.6,0
2024-04-12,Hue,16.4637,107.5909,26.9,82,21.0,31,1010.1,0
2024-04-13,Hue,16.4637,107.5909,27.5,83,15.3,23,1008.2,0
2024-04-14,Hue,16.4637,107.5909,28.2,81,14.8,31,1007.8,0
2024-04-15,Hue,16.4637,107.5909,28.4,81,13.8,23,1008.3,0
2024-04-16,Hue,16.4637,107.5909,28.1,83,13.4,27,1007.7,0
2024-04-17,Hue,16.4637,107.5909,29.7,78,14.0,36,1006.0,0
2024-04-18,Hue,16.4637,107.5909,29.8,74,21.1,19,1005.0,0
2024-04-19,Hue,16.4637,107.5909,30.1,70,15.3,24,1003.6,0
2024-04-20,Hue,16.4637,107.5909,30.9,72,8.3,60,1003.2,1
2024-04-21,Hue,16.4637,107.5909,31.2,69,11.3,68,1004.1,1
2024-04-22,Hue,16.4637,107.5909,30.8,71,16.3,59,1004.0,0
2024-04-23,Hue,16.4637,107.5909,31.0,71,14.1,53,1004.0,0
2024-04-24,Hue,16.4637,107.5909,29.8,79,16.1,45,1005.2,0
2024-04-25,Hue,16.4637,107.5909,31.1,76,15.5,28,1003.9,0
2024-04-26,Hue,16.4637,107.5909,32.7,63,9.7,21,1002.7,1
2024-04-27,Hue,16.4637,107.5909,32.7,62,15.0,21,1002.3,0
2024-04-28,Hue,16.4637,107.5909,32.7,63,19.2,11,1003.5,0
2024-04-29,Hue,16.4637,107.5909,32.8,61,20.2,5,1004.0,0
2024-04-30,Hue,16.4637,107.5909,33.2,58,18.2,36,1001.4,1
2024-05-01,Hue,16.4637,107.5909,32.5,61,14.1,75,1002.2,0
2024-05-02,Hue,16.4637,107.5909,29.8,80,18.5,65,1005.7,1
2024-05-03,Hue,16.4637,107.5909,29.7,76,12.0,65,1006.6,1
2024-05-04,Hue,16.4637,107.5909,28.1,83,20.7,57,1005.2,1
2024-05-05,Hue,16.4637,107.5909,30.3,75,12.8,87,1005.7,0
2024-05-06,Hue,16.4637,107.5909,28.9,83,12.2,83,1008.6,1
2024-05-07,Hue,16.4637,107.5909,28.5,81,15.7,93,1010.4,0
2024-05-08,Hue,16.4637,107.5909,28.3,79,18.1,75,1010.1,0
2024-05-09,Hue,16.4637,107.5909,28.4,78,18.6,56,1009.8,0
2024-05-10,Hue,16.4637,107.5909,28.6,79,18.2,79,1009.6,1
2024-05-11,Hue,16.4637,107.5909,29.3,79,13.3,80,1009.6,1
2024-05-12,Hue,16.4637,107.5909,30.2,78,13.5,81,1008.5,1
2024-05-13,Hue,16.4637,107.5909,28.7,83,13.4,84,1009.0,1
2024-05-14,Hue,16.4637,107.5909,28.2,82,12.2,89,1009.7,1
2024-05-15,Hue,16.4637,107.5909,28.2,84,13.0,78,1010.0,1
2024-05-16,Hue,16.4637,107.5909,27.9,84,13.4,51,1010.3,1
2024-05-17,Hue,16.4637,107.5909,27.9,84,10.7,86,1008.7,1
2024-05-18,Hue,16.4637,107.5909,28.8,81,10.9,99,1005.5,1
2024-05-19,Hue,16.4637,107.5909,31.0,69,13.1,99,1002.5,1
2024-05-20,Hue,16.4637,107.5909,28.8,82,16.9,100,1004.2,1
2024-05-21,Hue,16.4637,107.5909,26.9,91,11.2,100,1006.9,1
2024-05-22,Hue,16.4637,107.5909,26.5,91,8.4,100,1007.3,1
2024-05-23,Hue,16.4637,107.5909,27.1,90,6.4,97,1007.0,1
2024-05-24,Hue,16.4637,107.5909,27.8,88,11.9,89,1007.3,1
2024-05-25,Hue,16.4637,107.5909,28.5,86,10.4,78,1007.0,1
2024-05-26,Hue,16.4637,107.5909,29.9,82,12.0,98,1006.1,0
2024-05-27,Hue,16.4637,107.5909,31.4,73,9.8,84,1003.4,1
2024-05-28,Hue,16.4637,107.5909,31.8,66,13.2,100,1002.4,1
2024-05-29,Hue,16.4637,107.5909,32.2,64,10.8,99,1001.7,1
2024-05-30,Hue,16.4637,107.5909,31.7,68,14.4,100,1001.4,1
2024-05-31,Hue,16.4637,107.5909,29.6,76,16.1,100,1004.2,1
2024-06-01,Hue,16.4637,107.5909,28.2,88,7.6,98,1007.7,1
2024-06-02,Hue,16.4637,107.5909,29.9,80,13.3,75,1007.4,1
2024-06-03,Hue,16.4637,107.5909,30.8,71,11.0,92,1005.2,1
2024-06-04,Hue,16.4637,107.5909,31.3,71,13.2,98,1004.5,1
2024-06-05,Hue,16.4637,107.5909,30.0,78,8.9,100,1005.9,1
2024-06-06,Hue,16.4637,107.5909,30.2,77,8.4,100,1007.0,1
2024-06-07,Hue,16.4637,107.5909,29.5,80,8.2,100,1005.2,1
2024-06-08,Hue,16.4637,107.5909,29.0,84,11.2,99,1003.7,1
2024-06-09,Hue,16.4637,107.5909,29.0,80,13.0,96,1004.0,1
2024-06-10,Hue,16.4637,107.5909,28.8,83,9.2,88,1005.4,1
2024-06-11,Hue,16.4637,107.5909,29.6,78,12.4,85,1006.1,1
2024-06-12,Hue,16.4637,107.5909,30.7,73,13.0,94,1006.0,0
2024-06-13,Hue,16.4637,107.5909,32.0,64,11.2,90,1004.0,0
2024-06-14,Hue,16.4637,107.5909,32.6,63,14.0,76,1002.1,0
2024-06-15,Hue,16.4637,107.5909,32.6,66,15.9,93,1002.3,0
2024-06-16,Hue,16.4637,107.5909,31.4,69,17.0,98,1003.8,1
2024-06-17,Hue,16.4637,107.5909,31.2,70,15.7,95,1003.7,0
2024-06-18,Hue,16.4637,107.5909,31.0,71,10.7,100,1003.1,1
2024-06-19,Hue,16.4637,107.5909,31.1,70,16.2,77,1002.6,1
2024-06-20,Hue,16.4637,107.5909,31.8,64,12.7,86,1002.1,1
2024-06-21,Hue,16.4637,107.5909,31.6,65,11.5,56,1002.0,1
2024-06-22,Hue,16.4637,107.5909,29.8,74,13.3,86,1002.1,1
2024-06-23,Hue,16.4637,107.5909,27.9,87,6.2,100,1002.6,1
2024-06-24,Hue,16.4637,107.5909,28.4,82,8.2,100,1003.3,1
2024-06-25,Hue,16.4637,107.5909,28.4,84,8.0,99,1004.3,1
2024-06-26,Hue,16.4637,107.5909,28.3,86,10.7,96,1006.2,1
2024-06-27,Hue,16.4637,107.5909,28.4,83,16.4,97,1007.5,1
2024-06-28,Hue,16.4637,107.5909,29.0,81,10.6,51,1006.5,1
2024-06-29,Hue,16.4637,107.5909,29.9,78,12.4,67,1005.8,1
2024-06-30,Hue,16.4637,107.5909,30.9,69,14.1,95,1005.7,1
2024-07-01,Hue,16.4637,107.5909,31.4,63,13.5,82,1004.3,1
2024-07-02,Hue,16.4637,107.5909,30.6,68,13.4,98,1003.8,1
2024-07-03,Hue,16.4637,107.5909,29.5,78,13.7,100,1006.4,1
2024-07-04,Hue,16.4637,107.5909,27.8,82,12.7,80,1007.9,1
2024-07-05,Hue,16.4637,107.5909,28.2,83,10.8,32,1006.1,1
2024-07-06,Hue,16.4637,107.5909,29.1,77,14.4,37,1005.1,1
2024-07-07,Hue,16.4637,107.5909,28.8,77,15.2,12,1005.7,1
2024-07-08,Hue,16.4637,107.5909,28.5,81,9.8,36,1005.6,1
2024-07-09,Hue,16.4637,107.5909,29.2,79,11.5,92,1005.9,1
2024-07-10,Hue,16.4637,107.5909,29.8,72,18.2,63,1006.1,1
2024-07-11,Hue,16.4637,107.5909,29.7,75,13.1,44,1004.5,1
2024-07-12,Hue,16.4637,107.5909,30.0,72,9.9,76,1002.1,1
2024-07-13,Hue,16.4637,107.5909,29.3,75,14.6,71,1001.6,1
2024-07-14,Hue,16.4637,107.5909,26.7,88,8.0,100,1003.0,1
2024-07-15,Hue,16.4637,107.5909,26.3,92,20.4,95,1001.6,1
2024-07-16,Hue,16.4637,107.5909,27.6,88,13.0,85,1002.7,1
2024-07-17,Hue,16.4637,107.5909,27.0,90,10.9,96,1003.1,1
2024-07-18,Hue,16.4637,107.5909,27.2,89,7.1,100,1003.7,1
2024-07-19,Hue,16.4637,107.5909,27.6,88,9.0,93,1003.5,1
2024-07-20,Hue,16.4637,107.5909,28.3,85,14.8,81,1004.4,1
2024-07-21,Hue,16.4637,107.5909,27.7,87,19.6,100,1003.2,1
2024-07-22,Hue,16.4637,107.5909,28.3,85,9.6,100,1002.2,1
2024-07-23,Hue,16.4637,107.5909,29.8,74,14.9,100,1000.5,0
2024-07-24,Hue,16.4637,107.5909,30.0,72,10.2,93,998.2,1
2024-07-25,Hue,16.4637,107.5909,30.2,71,17.5,90,996.9,0
2024-07-26,Hue,16.4637,107.5909,29.7,74,15.5,100,998.2,0
2024-07-27,Hue,16.4637,107.5909,30.2,75,8.9,100,1001.2,0
2024-07-28,Hue,16.4637,107.5909,29.9,74,10.2,100,1002.3,1
2024-07-29,Hue,16.4637,107.5909,28.6,81,9.4,100,1002.9,1
2024-07-30,Hue,16.4637,107.5909,28.2,83,7.6,100,1004.2,1
2024-07-31,Hue,16.4637,107.5909,28.9,78,7.4,100,1005.7,0
2024-08-01,Hue,16.4637,107.5909,28.9,77,11.5,98,1006.6,0
2024-08-02,Hue,16.4637,107.5909,28.9,77,13.8,82,1006.4,0
2024-08-03,Hue,16.4637,107.5909,29.0,78,12.5,46,1007.0,0
2024-08-04,Hue,16.4637,107.5909,28.7,80,15.8,27,1007.3,0
2024-08-05,Hue,16.4637,107.5909,29.3,78,12.7,41,1006.2,0
2024-08-06,Hue,16.4637,107.5909,29.8,73,14.2,69,1005.5,1
2024-08-07,Hue,16.4637,107.5909,30.2,71,13.3,20,1005.8,0
2024-08-08,Hue,16.4637,107.5909,30.9,72,11.2,13,1006.2,0
2024-08-09,Hue,16.4637,107.5909,31.6,65,9.9,56,1004.8,1
2024-08-10,Hue,16.4637,107.5909,32.0,64,12.2,73,1003.0,1
2024-08-11,Hue,16.4637,107.5909,31.4,66,15.4,88,1001.7,1
2024-08-12,Hue,16.4637,107.5909,30.4,74,13.4,83,1002.2,1
2024-08-13,Hue,16.4637,107.5909,30.3,77,12.6,97,1004.4,1
2024-08-14,Hue,16.4637,107.5909,30.6,72,11.2,98,1005.0,1
2024-08-15,Hue,16.4637,107.5909,30.2,76,11.8,79,1004.3,1
2024-08-16,Hue,16.4637,107.5909,29.8,78,12.5,95,1004.0,1
2024-08-17,Hue,16.4637,107.5909,29.7,81,10.7,99,1005.7,1
2024-08-18,Hue,16.4637,107.5909,30.5,76,17.0,86,1005.8,0
2024-08-19,Hue,16.4637,107.5909,30.9,71,11.7,99,1004.8,1
2024-08-20,Hue,16.4637,107.5909,30.4,73,9.5,100,1005.9,1
2024-08-21,Hue,16.4637,107.5909,30.5,70,13.6,91,1007.0,1
2024-08-22,Hue,16.4637,107.5909,30.6,69,12.6,62,1007.4,0
2024-08-23,Hue,16.4637,107.5909,30.4,71,9.8,98,1008.6,1
2024-08-24,Hue,16.4637,107.5909,30.0,73,12.2,99,1007.8,1
2024-08-25,Hue,16.4637,107.5909,29.5,74,12.3,92,1006.7,1
2024-08-26,Hue,16.4637,107.5909,29.5,75,12.7,41,1006.0,1
2024-08-27,Hue,16.4637,107.5909,29.4,74,10.9,44,1006.0,1
2024-08-28,Hue,16.4637,107.5909,30.7,68,17.0,68,1004.7,1
2024-08-29,Hue,16.4637,107.5909,30.3,68,15.8,44,1004.3,1
2024-08-30,Hue,16.4637,107.5909,30.2,68,10.2,72,1004.8,1
2024-08-31,Hue,16.4637,107.5909,29.3,75,9.9,73,1005.6,1
2024-09-01,Hue,16.4637,107.5909,29.7,73,15.3,50,1005.5,1
2024-09-02,Hue,16.4637,107.5909,29.1,76,16.8,73,1006.0,1
2024-09-03,Hue,16.4637,107.5909,27.9,84,12.0,68,1006.3,1
2024-09-04,Hue,16.4637,107.5909,28.8,79,14.1,90,1003.2,1
2024-09-05,Hue,16.4637,107.5909,30.4,69,19.5,100,1000.4,1
2024-09-06,Hue,16.4637,107.5909,29.1,74,15.2,100,998.6,1
2024-09-07,Hue,16.4637,107.5909,31.1,61,14.3,100,999.6,1
2024-09-08,Hue,16.4637,107.5909,31.2,65,11.5,100,1003.5,0
2024-09-09,Hue,16.4637,107.5909,30.0,73,10.8,100,1004.2,1
2024-09-10,Hue,16.4637,107.5909,28.2,86,11.2,99,1004.8,1
2024-09-11,Hue,16.4637,107.5909,27.8,86,9.4,100,1006.5,0
2024-09-12,Hue,16.4637,107.5909,27.8,86,11.6,92,1006.2,1
2024-09-13,Hue,16.4637,107.5909,27.4,88,14.5,73,1004.2,1
2024-09-14,Hue,16.4637,107.5909,27.1,89,14.5,95,1002.4,1
2024-09-15,Hue,16.4637,107.5909,27.0,89,12.5,98,1001.9,1
2024-09-16,Hue,16.4637,107.5909,27.2,88,11.8,44,1002.7,1
2024-09-17,Hue,16.4637,107.5909,26.7,89,15.5,89,1002.7,1
2024-09-18,Hue,16.4637,107.5909,24.8,94,21.4,100,1000.8,1
2024-09-19,Hue,16.4637,107.5909,25.7,92,26.2,100,996.5,1
2024-09-20,Hue,16.4637,107.5909,27.0,90,8.8,95,1000.0,1
2024-09-21,Hue,16.4637,107.5909,27.2,89,13.1,100,1003.1,1
2024-09-22,Hue,16.4637,107.5909,26.6,90,7.9,100,1004.2,1
2024-09-23,Hue,16.4637,107.5909,26.3,91,9.3,100,1007.1,1
2024-09-24,Hue,16.4637,107.5909,25.6,90,12.3,100,1009.6,1
2024-09-25,Hue,16.4637,107.5909,26.5,89,9.4,57,1010.4,1
2024-09-26,Hue,16.4637,107.5909,27.0,87,14.4,23,1010.2,1
2024-09-27,Hue,16.4637,107.5909,27.2,87,15.9,53,1009.6,0
2024-09-28,Hue,16.4637,107.5909,28.1,84,8.5,42,1008.0,1
2024-09-29,Hue,16.4637,107.5909,28.8,84,7.4,64,1006.9,1
2024-09-30,Hue,16.4637,107.5909,28.7,83,9.2,52,1005.6,1
2024-10-01,Hue,16.4637,107.5909,28.0,84,16.6,58,1006.7,1
2024-10-02,Hue,16.4637,107.5909,24.8,91,24.2,100,1011.3,1
2024-10-03,Hue,16.4637,107.5909,25.6,79,19.5,100,1012.8,1
2024-10-04,Hue,16.4637,107.5909,25.3,77,15.0,95,1012.8,1
2024-10-05,Hue,16.4637,107.5909,25.4,82,13.3,69,1011.8,1
2024-10-06,Hue,16.4637,107.5909,25.9,81,19.8,80,1012.1,1
2024-10-07,Hue,16.4637,107.5909,24.6,93,14.0,100,1012.7,1
2024-10-08,Hue,16.4637,107.5909,25.0,90,9.7,82,1012.5,1
2024-10-09,Hue,16.4637,107.5909,25.4,87,11.4,46,1011.6,1
2024-10-10,Hue,16.4637,107.5909,25.8,83,17.5,61,1011.1,1
2024-10-11,Hue,16.4637,107.5909,25.5,89,10.7,88,1011.2,1
2024-10-12,Hue,16.4637,107.5909,26.0,88,14.4,35,1011.8,1
2024-10-13,Hue,16.4637,107.5909,26.0,89,14.5,67,1011.6,1
2024-10-14,Hue,16.4637,107.5909,25.9,89,10.2,76,1010.4,1
2024-10-15,Hue,16.4637,107.5909,25.9,89,12.7,86,1010.4,1
2024-10-16,Hue,16.4637,107.5909,25.6,90,9.9,96,1010.9,1
2024-10-17,Hue,16.4637,107.5909,26.0,91,11.4,87,1010.3,1
2024-10-18,Hue,16.4637,107.5909,26.5,87,10.7,95,1009.9,1
2024-10-19,Hue,16.4637,107.5909,26.4,88,15.7,84,1011.1,1
2024-10-20,Hue,16.4637,107.5909,25.4,91,18.4,80,1012.5,1
2024-10-21,Hue,16.4637,107.5909,24.6,94,12.6,98,1011.8,1
2024-10-22,Hue,16.4637,107.5909,25.5,90,15.8,88,1011.7,1
2024-10-23,Hue,16.4637,107.5909,25.0,88,16.4,99,1011.6,1
2024-10-24,Hue,16.4637,107.5909,24.9,78,21.7,98,1010.7,1
2024-10-25,Hue,16.4637,107.5909,24.3,72,19.8,90,1008.4,0
2024-10-26,Hue,16.4637,107.5909,22.9,76,29.8,100,1004.9,1
2024-10-27,Hue,16.4637,107.5909,22.9,90,43.6,100,998.8,1
2024-10-28,Hue,16.4637,107.5909,23.9,89,13.2,98,1003.0,1
2024-10-29,Hue,16.4637,107.5909,22.4,93,30.8,100,1005.2,1
2024-10-30,Hue,16.4637,107.5909,24.2,88,23.7,99,1007.5,1
2024-10-31,Hue,16.4637,107.5909,24.3,85,21.6,86,1009.1,1
2024-11-01,Hue,16.4637,107.5909,24.1,81,17.0,81,1010.7,0
2024-11-02,Hue,16.4637,107.5909,24.1,82,13.9,81,1013.7,1
2024-11-03,Hue,16.4637,107.5909,23.5,93,15.1,100,1013.7,1
2024-11-04,Hue,16.4637,107.5909,23.9,93,10.9,100,1012.8,1
2024-11-05,Hue,16.4637,107.5909,23.8,93,21.6,100,1014.2,1
2024-11-06,Hue,16.4637,107.5909,24.3,87,18.6,90,1015.3,1
2024-11-07,Hue,16.4637,107.5909,23.9,86,17.6,75,1016.0,1
2024-11-08,Hue,16.4637,107.5909,23.8,85,15.4,80,1015.2,1
2024-11-09,Hue,16.4637,107.5909,23.2,80,11.8,56,1013.8,0
2024-11-10,Hue,16.4637,107.5909,23.8,79,15.6,83,1013.4,0
2024-11-11,Hue,16.4637,107.5909,24.8,84,20.9,86,1012.0,1
2024-11-12,Hue,16.4637,107.5909,24.8,92,20.0,100,1010.4,1
2024-11-13,Hue,16.4637,107.5909,25.4,88,12.3,74,1010.1,1
2024-11-14,Hue,16.4637,107.5909,25.7,87,13.8,18,1009.8,0
2024-11-15,Hue,16.4637,107.5909,26.0,87,11.3,51,1008.9,0
2024-11-16,Hue,16.4637,107.5909,25.8,87,13.6,24,1009.6,0
2024-11-17,Hue,16.4637,107.5909,25.1,85,12.1,22,1011.4,1
2024-11-18,Hue,16.4637,107.5909,23.9,90,14.6,89,1012.9,1
2024-11-19,Hue,16.4637,107.5909,24.0,91,17.1,94,1014.0,1
2024-11-20,Hue,16.4637,107.5909,24.0,88,12.1,56,1013.9,1
2024-11-21,Hue,16.4637,107.5909,23.9,89,14.7,94,1013.8,1
2024-11-22,Hue,16.4637,107.5909,24.0,90,17.1,96,1014.1,1
2024-11-23,Hue,16.4637,107.5909,24.2,88,19.6,97,1014.7,1
2024-11-24,Hue,16.4637,107.5909,24.4,90,21.4,95,1014.2,1
2024-11-25,Hue,16.4637,107.5909,24.0,93,17.2,100,1013.6,1
2024-11-26,Hue,16.4637,107.5909,24.1,90,19.4,95,1014.2,1
2024-11-27,Hue,16.4637,107.5909,24.2,81,22.5,94,1015.6,1
2024-11-28,Hue,16.4637,107.5909,23.2,73,22.0,93,1018.4,1
2024-11-29,Hue,16.4637,107.5909,21.6,76,15.4,86,1017.9,1
2024-11-30,Hue,16.4637,107.5909,22.0,70,12.6,92,1014.5,0
2024-12-01,Hue,16.4637,107.5909,23.1,77,13.3,64,1011.6,0
2024-12-02,Hue,16.4637,107.5909,23.2,84,13.8,63,1011.5,1
2024-12-03,Hue,16.4637,107.5909,23.9,85,16.4,54,1012.1,1
2024-12-04,Hue,16.4637,107.5909,23.3,85,15.6,60,1012.4,1
2024-12-05,Hue,16.4637,107.5909,23.0,88,15.1,83,1012.4,1
2024-12-06,Hue,16.4637,107.5909,24.1,86,20.8,87,1011.9,1
2024-12-07,Hue,16.4637,107.5909,25.0,75,16.7,57,1013.6,1
2024-12-08,Hue,16.4637,107.5909,23.4,82,17.9,64,1015.9,1
2024-12-09,Hue,16.4637,107.5909,22.4,88,16.8,98,1014.5,1
2024-12-10,Hue,16.4637,107.5909,23.7,85,18.0,100,1012.0,1
2024-12-11,Hue,16.4637,107.5909,23.3,93,17.1,100,1012.0,1
2024-12-12,Hue,16.4637,107.5909,23.3,94,26.2,100,1012.3,1
2024-12-13,Hue,16.4637,107.5909,22.9,94,22.6,100,1014.4,1
2024-12-14,Hue,16.4637,107.5909,21.3,92,20.9,100,1018.4,1
2024-12-15,Hue,16.4637,107.5909,20.2,87,18.7,100,1020.3,1
2024-12-16,Hue,16.4637,107.5909,19.3,92,12.4,100,1019.5,1
2024-12-17,Hue,16.4637,107.5909,20.4,86,10.2,98,1017.2,1
2024-12-18,Hue,16.4637,107.5909,21.1,89,12.7,83,1016.8,1
2024-12-19,Hue,16.4637,107.5909,20.2,92,19.9,95,1017.3,1
2024-12-20,Hue,16.4637,107.5909,20.0,87,18.4,98,1016.1,1
2024-12-21,Hue,16.4637,107.5909,19.9,84,14.2,89,1016.5,1
2024-12-22,Hue,16.4637,107.5909,20.8,76,17.9,100,1016.4,1
2024-12-23,Hue,16.4637,107.5909,20.1,86,10.3,100,1015.6,1
2024-12-24,Hue,16.4637,107.5909,20.5,83,18.1,100,1016.9,1
2024-12-25,Hue,16.4637,107.5909,20.4,89,13.2,100,1017.0,1
2024-12-26,Hue,16.4637,107.5909,21.3,95,12.4,100,1017.9,1
2024-12-27,Hue,16.4637,107.5909,21.9,94,17.5,100,1018.6,1
2024-12-28,Hue,16.4637,107.5909,20.2,95,20.4,100,1020.7,1
2024-12-29,Hue,16.4637,107.5909,20.5,85,13.8,94,1018.6,1
2024-12-30,Hue,16.4637,107.5909,20.9,86,14.7,91,1017.3,1
2024-12-31,Hue,16.4637,107.5909,20.7,88,10.8,100,1017.2,1
2025-01-01,Hue,16.4637,107.5909,20.8,79,11.7,99,1015.4,1
2025-01-02,Hue,16.4637,107.5909,20.8,86,12.0,100,1015.4,1
2025-01-03,Hue,16.4637,107.5909,20.6,88,17.9,86,1016.8,1
2025-01-04,Hue,16.4637,107.5909,20.7,80,15.0,69,1016.2,1
2025-01-05,Hue,16.4637,107.5909,19.9,78,17.3,98,1017.7,1
2025-01-06,Hue,16.4637,107.5909,20.2,77,13.6,58,1015.9,0
2025-01-07,Hue,16.4637,107.5909,20.7,83,15.5,60,1015.0,1
2025-01-08,Hue,16.4637,107.5909,21.2,85,15.0,39,1015.3,1
2025-01-09,Hue,16.4637,107.5909,21.3,89,17.9,94,1017.2,1
2025-01-10,Hue,16.4637,107.5909,20.5,79,22.7,91,1022.0,1
2025-01-11,Hue,16.4637,107.5909,19.6,74,23.0,60,1024.2,1
2025-01-12,Hue,16.4637,107.5909,18.1,72,20.8,97,1022.8,1
2025-01-13,Hue,16.4637,107.5909,18.5,75,15.4,80,1019.0,0
2025-01-14,Hue,16.4637,107.5909,20.0,81,15.3,99,1018.0,1
2025-01-15,Hue,16.4637,107.5909,20.0,94,19.9,100,1019.4,1
2025-01-16,Hue,16.4637,107.5909,20.9,75,19.5,87,1020.8,1
2025-01-17,Hue,16.4637,107.5909,20.1,79,16.8,74,1018.4,1
2025-01-18,Hue,16.4637,107.5909,19.8,80,14.7,68,1016.1,1
2025-01-19,Hue,16.4637,107.5909,19.7,86,12.6,53,1014.8,1
2025-01-20,Hue,16.4637,107.5909,20.0,80,11.1,83,1013.7,1
2025-01-21,Hue,16.4637,107.5909,19.8,77,12.8,47,1013.6,1
2025-01-22,Hue,16.4637,107.5909,20.0,79,12.9,58,1013.6,0
2025-01-23,Hue,16.4637,107.5909,19.9,86,12.1,56,1013.3,0
2025-01-24,Hue,16.4637,107.5909,21.1,87,14.4,44,1010.5,0
2025-01-25,Hue,16.4637,107.5909,20.9,88,17.7,34,1010.6,0
2025-01-26,Hue,16.4637,107.5909,20.5,87,28.4,73,1016.0,1
2025-01-27,Hue,16.4637,107.5909,17.3,85,20.3,100,1019.4,1
2025-01-28,Hue,16.4637,107.5909,17.6,89,9.7,97,1020.3,1
2025-01-29,Hue,16.4637,107.5909,19.3,84,15.4,70,1019.9,1
2025-01-30,Hue,16.4637,107.5909,19.5,86,13.3,36,1015.0,1
2025-01-31,Hue,16.4637,107.5909,19.8,85,14.0,17,1011.9,0
2025-02-01,Hue,16.4637,107.5909,20.1,88,13.3,58,1009.9,0
2025-02-02,Hue,16.4637,107.5909,20.7,89,13.5,64,1009.9,0
2025-02-03,Hue,16.4637,107.5909,21.7,88,17.9,71,1014.5,1
2025-02-04,Hue,16.4637,107.5909,19.6,88,20.8,100,1017.8,1
2025-02-05,Hue,16.4637,107.5909,20.1,85,16.2,58,1014.6,1
2025-02-06,Hue,16.4637,107.5909,21.2,82,17.7,10,1013.0,1
2025-02-07,Hue,16.4637,107.5909,20.6,87,17.2,62,1015.7,1
2025-02-08,Hue,16.4637,107.5909,19.6,92,22.5,100,1018.3,1
2025-02-09,Hue,16.4637,107.5909,19.4,83,18.9,89,1018.5,1
2025-02-10,Hue,16.4637,107.5909,19.3,85,14.4,96,1017.4,1
2025-02-11,Hue,16.4637,107.5909,20.7,85,12.3,96,1015.3,1
2025-02-12,Hue,16.4637,107.5909,21.3,92,14.0,91,1014.2,1
2025-02-13,Hue,16.4637,107.5909,22.0,92,10.0,96,1015.0,1
2025-02-14,Hue,16.4637,107.5909,22.3,89,14.4,88,1013.7,1
2025-02-15,Hue,16.4637,107.5909,22.8,90,14.4,62,1011.3,1
2025-02-16,Hue,16.4637,107.5909,23.3,89,19.7,53,1013.1,1
2025-02-17,Hue,16.4637,107.5909,22.6,86,18.0,33,1015.7,1
2025-02-18,Hue,16.4637,107.5909,22.3,88,18.3,67,1016.6,1
2025-02-19,Hue,16.4637,107.5909,22.3,86,20.7,52,1016.0,1
2025-02-20,Hue,16.4637,107.5909,22.6,85,19.3,61,1016.1,1
2025-02-21,Hue,16.4637,107.5909,22.4,89,19.9,81,1016.7,1
2025-02-22,Hue,16.4637,107.5909,22.7,89,21.5,70,1017.1,1
2025-02-23,Hue,16.4637,107.5909,22.4,91,22.6,97,1019.2,1
2025-02-24,Hue,16.4637,107.5909,21.0,90,24.1,100,1021.4,1
2025-02-25,Hue,16.4637,107.5909,20.6,94,16.6,100,1021.1,1
2025-02-26,Hue,16.4637,107.5909,20.6,90,17.5,98,1019.4,1
2025-02-27,Hue,16.4637,107.5909,21.2,88,11.5,82,1015.9,1
2025-02-28,Hue,16.4637,107.5909,22.2,87,16.1,54,1013.4,1
2025-03-01,Hue,16.4637,107.5909,23.1,90,16.6,52,1010.3,0
2025-03-02,Hue,16.4637,107.5909,24.3,89,10.8,85,1007.9,0
2025-03-03,Hue,16.4637,107.5909,25.4,90,11.6,81,1006.9,0
2025-03-04,Hue,16.4637,107.5909,26.5,89,10.9,39,1006.0,1
2025-03-05,Hue,16.4637,107.5909,26.7,87,11.5,67,1006.5,1
2025-03-06,Hue,16.4637,107.5909,23.3,94,25.1,96,1012.3,1
2025-03-07,Hue,16.4637,107.5909,19.6,92,17.7,100,1016.5,1
2025-03-08,Hue,16.4637,107.5909,19.4,88,15.4,100,1016.7,1
2025-03-09,Hue,16.4637,107.5909,21.7,87,12.5,81,1016.8,1
2025-03-10,Hue,16.4637,107.5909,22.7,91,15.5,98,1016.6,1
2025-03-11,Hue,16.4637,107.5909,23.9,92,16.6,85,1012.8,1
2025-03-12,Hue,16.4637,107.5909,24.7,90,13.7,84,1009.9,0
2025-03-13,Hue,16.4637,107.5909,25.7,88,12.3,90,1009.6,1
2025-03-14,Hue,16.4637,107.5909,25.6,90,10.7,72,1010.1,0
2025-03-15,Hue,16.4637,107.5909,26.3,89,11.3,25,1009.8,0
2025-03-16,Hue,16.4637,107.5909,22.0,94,22.0,100,1014.6,1
2025-03-17,Hue,16.4637,107.5909,20.4,92,11.7,100,1016.4,1
2025-03-18,Hue,16.4637,107.5909,19.9,89,19.3,100,1018.9,1
2025-03-19,Hue,16.4637,107.5909,19.5,85,15.5,100,1021.7,1
2025-03-20,Hue,16.4637,107.5909,20.0,83,11.0,79,1021.2,1
2025-03-21,Hue,16.4637,107.5909,20.2,82,14.0,76,1020.1,1
2025-03-22,Hue,16.4637,107.5909,21.3,79,13.3,64,1017.7,0
2025-03-23,Hue,16.4637,107.5909,22.5,81,15.5,14,1015.3,0
2025-03-24,Hue,16.4637,107.5909,21.8,86,13.9,17,1012.4,0
2025-03-25,Hue,16.4637,107.5909,22.3,89,11.3,34,1007.4,0
2025-03-26,Hue,16.4637,107.5909,23.8,89,9.3,47,1004.7,0
2025-03-27,Hue,16.4637,107.5909,26.6,85,12.9,36,1003.0,0
2025-03-28,Hue,16.4637,107.5909,27.2,84,10.9,60,1004.9,0
2025-03-29,Hue,16.4637,107.5909,25.6,91,19.5,97,1009.1,1
2025-03-30,Hue,16.4637,107.5909,21.9,94,20.1,100,1015.2,1
2025-03-31,Hue,16.4637,107.5909,20.2,92,15.3,100,1015.9,1
2025-04-01,Hue,16.4637,107.5909,19.9,90,19.8,100,1015.9,1
2025-04-02,Hue,16.4637,107.5909,20.4,85,10.5,98,1016.3,1
2025-04-03,Hue,16.4637,107.5909,22.0,85,13.2,84,1015.6,1
2025-04-04,Hue,16.4637,107.5909,22.6,87,18.8,39,1011.9,1
2025-04-05,Hue,16.4637,107.5909,23.7,90,14.3,81,1010.9,0
2025-04-06,Hue,16.4637,107.5909,24.2,90,12.1,86,1012.5,1
2025-04-07,Hue,16.4637,107.5909,24.7,90,15.4,79,1013.4,1
2025-04-08,Hue,16.4637,107.5909,24.9,88,17.4,63,1013.0,0
2025-04-09,Hue,16.4637,107.5909,25.1,88,15.5,80,1009.7,1
2025-04-10,Hue,16.4637,107.5909,26.0,89,10.8,87,1006.6,1
2025-04-11,Hue,16.4637,107.5909,27.4,84,11.3,42,1005.4,0
2025-04-12,Hue,16.4637,107.5909,28.5,78,20.0,91,1006.4,1
2025-04-13,Hue,16.4637,107.5909,22.5,84,23.0,100,1014.1,1
2025-04-14,Hue,16.4637,107.5909,22.5,78,13.7,57,1013.4,0
2025-04-15,Hue,16.4637,107.5909,22.8,75,10.1,49,1011.9,0
2025-04-16,Hue,16.4637,107.5909,24.4,82,14.8,92,1008.4,0
2025-04-17,Hue,16.4637,107.5909,27.3,84,12.6,77,1006.4,0
2025-04-18,Hue,16.4637,107.5909,28.7,80,12.3,71,1005.9,0
2025-04-19,Hue,16.4637,107.5909,28.6,84,12.7,31,1006.3,0
2025-04-20,Hue,16.4637,107.5909,28.7,82,12.2,94,1006.9,0
2025-04-21,Hue,16.4637,107.5909,28.5,82,11.9,84,1008.5,0
2025-04-22,Hue,16.4637,107.5909,29.2,78,12.2,63,1007.8,0
2025-04-23,Hue,16.4637,107.5909,29.1,74,12.8,56,1006.6,1
2025-04-24,Hue,16.4637,107.5909,28.9,76,16.8,79,1006.1,0
2025-04-25,Hue,16.4637,107.5909,28.0,82,12.3,63,1008.0,1
2025-04-26,Hue,16.4637,107.5909,27.4,86,12.8,74,1009.5,1
2025-04-27,Hue,16.4637,107.5909,27.9,82,12.7,90,1009.2,0
2025-04-28,Hue,16.4637,107.5909,27.7,82,14.7,83,1008.7,0
2025-04-29,Hue,16.4637,107.5909,27.0,82,16.3,64,1010.2,1
2025-04-30,Hue,16.4637,107.5909,27.2,81,17.7,45,1009.7,0
2025-05-01,Hue,16.4637,107.5909,27.5,82,16.5,27,1010.9,1
2025-05-02,Hue,16.4637,107.5909,27.4,82,14.7,48,1009.5,1
2025-05-03,Hue,16.4637,107.5909,28.4,78,15.3,91,1007.3,0
2025-05-04,Hue,16.4637,107.5909,28.8,75,14.4,77,1006.0,1
2025-05-05,Hue,16.4637,107.5909,29.9,69,12.4,96,1005.5,1
2025-05-06,Hue,16.4637,107.5909,30.3,68,15.2,75,1005.2,0
2025-05-07,Hue,16.4637,107.5909,30.8,70,11.1,89,1004.3,1
2025-05-08,Hue,16.4637,107.5909,30.7,70,15.2,100,1004.2,0
2025-05-09,Hue,16.4637,107.5909,30.5,71,12.4,92,1004.6,1
2025-05-10,Hue,16.4637,107.5909,28.7,78,9.7,98,1006.2,1
2025-05-11,Hue,16.4637,107.5909,25.8,89,19.7,99,1007.3,1
2025-05-12,Hue,16.4637,107.5909,24.9,86,15.1,99,1008.5,1
2025-05-13,Hue,16.4637,107.5909,25.9,86,8.1,95,1008.7,1
2025-05-14,Hue,16.4637,107.5909,27.2,86,11.4,69,1009.0,1
2025-05-15,Hue,16.4637,107.5909,27.9,85,12.0,84,1009.0,1
2025-05-16,Hue,16.4637,107.5909,29.1,80,11.1,80,1008.0,1
2025-05-17,Hue,16.4637,107.5909,29.5,78,13.7,56,1007.7,1
2025-05-18,Hue,16.4637,107.5909,29.4,79,12.0,81,1007.6,1
2025-05-19,Hue,16.4637,107.5909,28.8,80,9.5,80,1006.4,1
2025-05-20,Hue,16.4637,107.5909,29.0,78,11.5,70,1006.3,1
2025-05-21,Hue,16.4637,107.5909,29.6,74,14.5,77,1006.2,1
2025-05-22,Hue,16.4637,107.5909,29.9,74,16.7,97,1004.5,1
2025-05-23,Hue,16.4637,107.5909,30.2,70,11.5,95,1003.6,1
2025-05-24,Hue,16.4637,107.5909,29.2,77,23.4,84,1005.9,1
2025-05-25,Hue,16.4637,107.5909,27.9,81,18.1,93,1009.0,1
2025-05-26,Hue,16.4637,107.5909,26.5,85,14.7,95,1010.3,1
2025-05-27,Hue,16.4637,107.5909,27.8,82,17.1,89,1008.3,1
2025-05-28,Hue,16.4637,107.5909,28.1,84,13.0,93,1006.5,1
2025-05-29,Hue,16.4637,107.5909,28.4,83,8.7,93,1005.6,1
2025-05-30,Hue,16.4637,107.5909,29.5,77,12.5,100,1006.1,1
2025-05-31,Hue,16.4637,107.5909,31.2,66,13.6,98,1005.4,1
2025-06-01,Hue,16.4637,107.5909,32.1,54,14.6,85,1003.2,0
2025-06-02,Hue,16.4637,107.5909,32.9,54,14.0,58,1001.9,0
2025-06-03,Hue,16.4637,107.5909,32.0,60,12.7,94,1002.8,1
2025-06-04,Hue,16.4637,107.5909,30.8,66,13.2,100,1005.1,1
2025-06-05,Hue,16.4637,107.5909,30.1,71,11.0,66,1006.2,1
2025-06-06,Hue,16.4637,107.5909,30.6,71,11.0,44,1005.6,1
2025-06-07,Hue,16.4637,107.5909,31.2,67,11.7,32,1004.7,1
2025-06-08,Hue,16.4637,107.5909,30.0,74,14.1,38,1004.0,1
2025-06-09,Hue,16.4637,107.5909,30.4,71,9.2,47,1003.0,1
2025-06-10,Hue,16.4637,107.5909,29.1,79,14.0,93,1002.5,1
2025-06-11,Hue,16.4637,107.5909,25.9,90,27.1,100,1001.5,1
2025-06-12,Hue,16.4637,107.5909,25.1,91,33.5,100,997.6,1
2025-06-13,Hue,16.4637,107.5909,25.3,94,27.3,100,999.5,1
2025-06-14,Hue,16.4637,107.5909,28.0,80,8.6,100,1003.3,0
2025-06-15,Hue,16.4637,107.5909,29.5,76,16.0,75,1003.9,1
2025-06-16,Hue,16.4637,107.5909,29.9,76,10.6,99,1005.1,0
2025-06-17,Hue,16.4637,107.5909,29.4,80,14.3,96,1006.0,1
2025-06-18,Hue,16.4637,107.5909,29.2,80,10.7,100,1005.9,1
2025-06-19,Hue,16.4637,107.5909,28.6,82,10.7,94,1005.4,1
2025-06-20,Hue,16.4637,107.5909,29.0,80,10.4,99,1005.1,1
2025-06-21,Hue,16.4637,107.5909,28.8,79,11.6,89,1005.2,1
2025-06-22,Hue,16.4637,107.5909,28.8,79,10.3,70,1005.5,1
2025-06-23,Hue,16.4637,107.5909,28.6,80,11.9,86,1004.9,1
2025-06-24,Hue,16.4637,107.5909,28.7,78,12.3,76,1005.0,1
2025-06-25,Hue,16.4637,107.5909,28.7,78,10.7,39,1005.8,1
2025-06-26,Hue,16.4637,107.5909,28.4,80,10.1,88,1005.2,1
2025-06-27,Hue,16.4637,107.5909,28.0,82,12.1,99,1004.6,1
2025-06-28,Hue,16.4637,107.5909,28.1,82,8.3,98,1003.7,1
2025-06-29,Hue,16.4637,107.5909,28.6,79,11.7,100,1002.2,1
2025-06-30,Hue,16.4637,107.5909,28.6,77,12.1,100,1002.4,1
2025-07-01,Hue,16.4637,107.5909,28.1,83,9.0,100,1003.8,1
2025-07-02,Hue,16.4637,107.5909,27.6,86,11.3,96,1005.3,1
2025-07-03,Hue,16.4637,107.5909,27.2,88,6.5,99,1005.3,1
2025-07-04,Hue,16.4637,107.5909,27.1,88,7.5,97,1004.5,1
2025-07-05,Hue,16.4637,107.5909,27.3,89,7.8,100,1003.6,1
2025-07-06,Hue,16.4637,107.5909,28.0,87,10.1,99,1003.6,1
2025-07-07,Hue,16.4637,107.5909,29.2,78,13.1,91,1003.7,1
2025-07-08,Hue,16.4637,107.5909,30.1,72,9.6,100,1002.7,1
2025-07-09,Hue,16.4637,107.5909,30.2,68,12.9,100,1001.4,1
2025-07-10,Hue,16.4637,107.5909,30.5,64,15.3,100,998.7,1
2025-07-11,Hue,16.4637,107.5909,28.2,80,16.5,100,999.3,1
2025-07-12,Hue,16.4637,107.5909,28.7,82,14.2,81,1002.8,1
2025-07-13,Hue,16.4637,107.5909,28.7,84,10.1,55,1004.6,1
2025-07-14,Hue,16.4637,107.5909,29.0,82,13.6,80,1004.0,1
2025-07-15,Hue,16.4637,107.5909,29.4,80,10.1,95,1002.7,1
2025-07-16,Hue,16.4637,107.5909,30.2,77,10.0,79,1003.3,0
2025-07-17,Hue,16.4637,107.5909,29.5,79,10.7,58,1003.7,1
2025-07-18,Hue,16.4637,107.5909,30.6,67,16.9,95,1001.1,0
2025-07-19,Hue,16.4637,107.5909,30.5,67,17.5,100,997.4,0
2025-07-20,Hue,16.4637,107.5909,28.6,73,18.7,100,997.0,1
2025-07-21,Hue,16.4637,107.5909,29.2,72,10.1,100,996.4,1
2025-07-22,Hue,16.4637,107.5909,29.5,69,18.7,100,996.4,1
2025-07-23,Hue,16.4637,107.5909,30.5,65,11.6,100,999.3,1
2025-07-24,Hue,16.4637,107.5909,29.1,76,10.4,100,1001.2,1
2025-07-25,Hue,16.4637,107.5909,26.9,85,13.8,99,1001.8,1
2025-07-26,Hue,16.4637,107.5909,27.2,86,13.2,97,1001.7,1
2025-07-27,Hue,16.4637,107.5909,27.6,86,11.1,93,1001.2,1
2025-07-28,Hue,16.4637,107.5909,27.6,86,10.5,95,1000.6,1
2025-07-29,Hue,16.4637,107.5909,29.0,84,11.0,92,999.5,1
2025-07-30,Hue,16.4637,107.5909,29.7,74,13.4,100,999.7,0
2025-07-31,Hue,16.4637,107.5909,31.0,66,18.6,92,999.8,1
2025-08-01,Hue,16.4637,107.5909,31.6,63,11.0,97,1000.1,0
2025-08-02,Hue,16.4637,107.5909,31.4,66,12.0,94,1002.2,1
2025-08-03,Hue,16.4637,107.5909,31.6,63,13.8,98,1003.2,0
2025-08-04,Hue,16.4637,107.5909,32.0,60,11.7,83,1003.1,0
2025-08-05,Hue,16.4637,107.5909,31.8,62,14.6,96,1003.4,1
2025-08-06,Hue,16.4637,107.5909,31.3,65,14.2,100,1004.7,1
2025-08-07,Hue,16.4637,107.5909,30.3,72,13.9,74,1006.6,1
2025-08-08,Hue,16.4637,107.5909,29.9,71,11.2,14,1007.3,1
2025-08-09,Hue,16.4637,107.5909,30.3,70,12.1,86,1006.2,1
2025-08-10,Hue,16.4637,107.5909,29.8,72,15.4,42,1004.9,1
2025-08-11,Hue,16.4637,107.5909,28.9,75,11.9,50,1004.4,1
2025-08-12,Hue,16.4637,107.5909,28.9,82,14.8,50,1004.9,1
2025-08-13,Hue,16.4637,107.5909,28.8,79,16.2,84,1005.7,1
2025-08-14,Hue,16.4637,107.5909,29.2,76,12.2,83,1004.1,1
2025-08-15,Hue,16.4637,107.5909,28.1,79,13.1,98,1003.7,1
2025-08-16,Hue,16.4637,107.5909,27.0,85,11.5,92,1004.5,1
2025-08-17,Hue,16.4637,107.5909,25.5,91,14.8,100,1004.5,1
2025-08-18,Hue,16.4637,107.5909,27.3,84,13.1,100,1005.4,1
2025-08-19,Hue,16.4637,107.5909,28.2,81,11.7,92,1006.8,1
2025-08-20,Hue,16.4637,107.5909,28.5,81,9.9,95,1007.3,1
2025-08-21,Hue,16.4637,107.5909,28.9,74,17.8,97,1007.7,0
2025-08-22,Hue,16.4637,107.5909,27.9,80,9.5,90,1007.4,1
2025-08-23,Hue,16.4637,107.5909,28.1,83,11.7,89,1006.4,1
2025-08-24,Hue,16.4637,107.5909,26.0,88,24.5,100,1002.9,1
2025-08-25,Hue,16.4637,107.5909,26.9,83,17.2,100,1000.0,1
2025-08-26,Hue,16.4637,107.5909,27.7,83,13.4,100,1005.2,1
2025-08-27,Hue,16.4637,107.5909,26.2,90,12.9,100,1006.8,1
2025-08-28,Hue,16.4637,107.5909,26.9,86,11.7,80,1005.8,1
2025-08-29,Hue,16.4637,107.5909,25.7,90,17.8,98,1005.1,1
2025-08-30,Hue,16.4637,107.5909,26.5,90,18.9,99,1002.3,1
2025-08-31,Hue,16.4637,107.5909,26.9,88,13.0,86,1005.4,1
2025-09-01,Hue,16.4637,107.5909,26.4,89,11.8,84,1005.4,1
2025-09-02,Hue,16.4637,107.5909,26.8,88,12.8,82,1005.8,1
2025-09-03,Hue,16.4637,107.5909,27.5,85,14.1,47,1006.1,1
2025-09-04,Hue,16.4637,107.5909,27.4,86,12.6,72,1006.1,1
2025-09-05,Hue,16.4637,107.5909,27.7,85,11.8,83,1006.2,1
2025-09-06,Hue,16.4637,107.5909,27.6,86,11.7,100,1006.5,1
2025-09-07,Hue,16.4637,107.5909,27.4,86,11.3,100,1005.5,1
2025-09-08,Hue,16.4637,107.5909,28.5,79,11.6,95,1005.6,1
2025-09-09,Hue,16.4637,107.5909,28.7,76,11.1,100,1007.4,1
2025-09-10,Hue,16.4637,107.5909,28.5,80,9.0,98,1008.4,1
2025-09-11,Hue,16.4637,107.5909,28.2,78,13.3,67,1008.2,1
2025-09-12,Hue,16.4637,107.5909,28.0,77,18.3,25,1008.5,0
2025-09-13,Hue,16.4637,107.5909,27.3,80,12.7,50,1009.0,1
2025-09-14,Hue,16.4637,107.5909,27.6,83,9.9,100,1009.3,1
2025-09-15,Hue,16.4637,107.5909,26.9,87,12.0,74,1009.4,1
2025-09-16,Hue,16.4637,107.5909,27.6,81,16.3,67,1008.7,1
2025-09-17,Hue,16.4637,107.5909,26.2,87,9.2,97,1007.4,1
2025-09-18,Hue,16.4637,107.5909,25.9,90,14.2,94,1006.6,1
2025-09-19,Hue,16.4637,107.5909,26.4,91,7.8,95,1007.1,1
2025-09-20,Hue,16.4637,107.5909,27.3,88,11.5,84,1006.5,1
2025-09-21,Hue,16.4637,107.5909,27.5,86,13.6,98,1005.4,1
2025-09-22,Hue,16.4637,107.5909,27.0,87,11.4,88,1005.8,1
2025-09-23,Hue,16.4637,107.5909,27.2,85,16.8,98,1004.3,1
2025-09-24,Hue,16.4637,107.5909,27.8,82,22.0,100,1001.8,1
2025-09-25,Hue,16.4637,107.5909,27.7,82,19.1,99,1002.8,1
2025-09-26,Hue,16.4637,107.5909,26.4,90,9.9,100,1007.5,1
2025-09-27,Hue,16.4637,107.5909,24.8,95,18.1,100,1007.5,1
2025-09-28,Hue,16.4637,107.5909,24.5,94,37.4,100,998.0,1
2025-09-29,Hue,16.4637,107.5909,27.2,85,17.3,100,1003.7,1
2025-09-30,Hue,16.4637,107.5909,27.3,83,12.4,91,1008.6,1
2025-10-01,Hue,16.4637,107.5909,27.2,83,16.2,68,1009.9,1
2025-10-02,Hue,16.4637,107.5909,27.1,81,11.6,20,1010.6,0
2025-10-03,Hue,16.4637,107.5909,27.5,82,12.0,38,1010.2,1
2025-10-04,Hue,16.4637,107.5909,27.3,85,10.9,80,1009.7,1
2025-10-05,Hue,16.4637,107.5909,28.7,74,15.1,96,1006.6,0
2025-10-06,Hue,16.4637,107.5909,29.1,69,15.3,100,1007.0,1
2025-10-07,Hue,16.4637,107.5909,27.9,79,14.2,82,1010.0,1
2025-10-08,Hue,16.4637,107.5909,27.6,79,13.7,73,1010.8,1
2025-10-09,Hue,16.4637,107.5909,25.9,88,13.6,92,1010.7,1
2025-10-10,Hue,16.4637,107.5909,25.3,90,12.6,92,1010.2,1
2025-10-11,Hue,16.4637,107.5909,25.9,89,10.0,82,1009.2,1
2025-10-12,Hue,16.4637,107.5909,25.6,90,10.7,95,1009.2,1
2025-10-13,Hue,16.4637,107.5909,25.8,91,8.2,98,1009.2,1
2025-10-14,Hue,16.4637,107.5909,26.0,90,10.8,98,1009.3,1
2025-10-15,Hue,16.4637,107.5909,26.5,87,14.1,66,1009.7,1
2025-10-16,Hue,16.4637,107.5909,25.2,90,10.3,95,1011.0,1
2025-10-17,Hue,16.4637,107.5909,25.3,92,14.9,99,1011.3,1
2025-10-18,Hue,16.4637,107.5909,24.7,92,11.1,99,1010.7,1
2025-10-19,Hue,16.4637,107.5909,25.3,88,14.2,86,1009.8,1
2025-10-20,Hue,16.4637,107.5909,26.4,84,19.5,59,1009.1,1
2025-10-21,Hue,16.4637,107.5909,25.7,83,28.2,95,1010.1,1
2025-10-22,Hue,16.4637,107.5909,24.1,87,30.5,100,1010.9,1
2025-10-23,Hue,16.4637,107.5909,23.5,92,27.0,99,1011.8,1
2025-10-24,Hue,16.4637,107.5909,24.2,90,17.1,98,1013.0,1
2025-10-25,Hue,16.4637,107.5909,24.6,86,17.9,100,1012.6,1
2025-10-26,Hue,16.4637,107.5909,24.3,93,21.1,100,1011.8,1
2025-10-27,Hue,16.4637,107.5909,24.6,92,32.7,100,1011.4,1
2025-10-28,Hue,16.4637,107.5909,24.4,92,30.5,100,1011.3,1
2025-10-29,Hue,16.4637,107.5909,24.5,94,26.9,100,1010.5,1
2025-10-30,Hue,16.4637,107.5909,25.5,91,18.9,100,1010.7,1
2025-10-31,Hue,16.4637,107.5909,25.5,91,16.4,98,1012.3,1
2025-11-01,Hue,16.4637,107.5909,25.0,90,13.8,95,1013.3,1
2025-11-02,Hue,16.4637,107.5909,24.5,94,22.8,100,1011.9,1
2025-11-03,Hue,16.4637,107.5909,24.8,92,43.4,100,1009.7,1
2025-11-04,Hue,16.4637,107.5909,22.4,89,26.3,100,1011.6,1
2025-11-05,Hue,16.4637,107.5909,22.3,92,23.1,99,1010.6,1
2025-11-06,Hue,16.4637,107.5909,24.2,91,30.9,100,1008.3,1
2025-11-07,Hue,16.4637,107.5909,27.0,81,30.5,76,1005.0,1
2025-11-08,Hue,16.4637,107.5909,26.2,84,17.1,52,1009.8,1
2025-11-09,Hue,16.4637,107.5909,26.5,87,16.3,63,1010.1,1
2025-11-10,Hue,16.4637,107.5909,26.3,85,9.3,95,1008.9,1
2025-11-11,Hue,16.4637,107.5909,26.1,86,14.6,97,1009.5,1
2025-11-12,Hue,16.4637,107.5909,25.0,80,16.2,83,1012.6,1
2025-11-13,Hue,16.4637,107.5909,23.8,76,19.4,36,1015.4,1
2025-11-14,Hue,16.4637,107.5909,23.5,72,17.7,54,1015.1,1
2025-11-15,Hue,16.4637,107.5909,23.0,90,14.1,100,1015.3,1
2025-11-16,Hue,16.4637,107.5909,24.1,93,22.2,99,1014.5,1
2025-11-17,Hue,16.4637,107.5909,24.1,93,18.7,100,1015.1,1
2025-11-18,Hue,16.4637,107.5909,24.6,79,26.8,98,1016.5,1
2025-11-19,Hue,16.4637,107.5909,20.9,86,28.1,100,1019.5,1
2025-11-20,Hue,16.4637,107.5909,20.5,83,18.5,100,1019.6,1
2025-11-21,Hue,16.4637,107.5909,21.7,73,20.6,100,1019.5,1
2025-11-22,Hue,16.4637,107.5909,22.2,80,11.0,100,1017.5,1
2025-11-23,Hue,16.4637,107.5909,21.9,93,12.9,100,1016.1,1
2025-11-24,Hue,16.4637,107.5909,22.4,93,15.9,100,1015.7,1
2025-11-25,Hue,16.4637,107.5909,22.2,83,18.4,100,1016.5,1
2025-11-26,Hue,16.4637,107.5909,20.9,88,15.2,99,1016.2,1
2025-11-27,Hue,16.4637,107.5909,21.9,63,29.2,100,1017.9,1
2025-11-28,Hue,16.4637,107.5909,22.1,55,20.1,81,1015.6,0
2025-11-29,Hue,16.4637,107.5909,21.6,70,13.6,89,1013.4,0
2025-11-30,Hue,16.4637,107.5909,22.8,78,13.0,94,1012.1,0
2025-12-01,Hue,16.4637,107.5909,23.2,88,18.4,100,1012.1,1
2025-12-02,Hue,16.4637,107.5909,24.1,88,10.9,56,1012.0,1
2025-12-03,Hue,16.4637,107.5909,23.4,93,20.4,99,1014.4,1
2025-12-04,Hue,16.4637,107.5909,23.7,89,18.0,99,1015.6,1
2025-12-05,Hue,16.4637,107.5909,23.8,83,19.6,55,1016.9,1
2025-12-06,Hue,16.4637,107.5909,22.9,81,19.5,52,1016.6,1
2025-12-07,Hue,16.4637,107.5909,22.0,81,14.8,39,1016.4,1
2025-12-08,Hue,16.4637,107.5909,21.7,84,13.6,87,1016.9,1
2025-12-09,Hue,16.4637,107.5909,22.1,82,16.8,99,1016.3,1
2025-12-10,Hue,16.4637,107.5909,21.9,90,14.2,100,1015.2,1
2025-12-11,Hue,16.4637,107.5909,23.3,90,16.7,78,1014.4,1
2025-12-12,Hue,16.4637,107.5909,24.3,84,19.1,32,1013.6,1
2025-12-13,Hue,16.4637,107.5909,23.9,84,19.8,54,1014.8,1
2025-12-14,Hue,16.4637,107.5909,22.7,86,22.8,95,1016.8,1
2025-12-15,Hue,16.4637,107.5909,22.0,88,11.6,95,1016.6,1
2025-12-16,Hue,16.4637,107.5909,22.2,91,14.4,93,1015.5,1
2025-12-17,Hue,16.4637,107.5909,22.4,90,19.5,98,1016.4,1
2025-12-18,Hue,16.4637,107.5909,22.7,82,12.8,58,1016.0,1
2025-12-19,Hue,16.4637,107.5909,22.4,86,11.3,81,1013.5,1
2025-12-20,Hue,16.4637,107.5909,22.5,87,14.6,84,1013.3,1
2025-12-21,Hue,16.4637,107.5909,22.4,92,15.9,94,1014.4,1
2025-12-22,Hue,16.4637,107.5909,23.2,86,19.1,66,1013.7,1
2025-12-23,Hue,16.4637,107.5909,23.8,84,20.9,44,1012.5,1
2025-12-24,Hue,16.4637,107.5909,23.4,86,14.6,60,1011.7,1
2025-12-25,Hue,16.4637,107.5909,22.1,92,21.3,97,1014.6,1
2025-12-26,Hue,16.4637,107.5909,19.9,86,19.7,100,1017.4,1
2025-12-27,Hue,16.4637,107.5909,19.6,91,14.0,100,1016.8,1
2025-12-28,Hue,16.4637,107.5909,20.8,90,12.7,88,1016.3,1
2025-12-29,Hue,16.4637,107.5909,21.7,87,13.0,58,1014.3,1
2025-12-30,Hue,16.4637,107.5909,22.2,80,15.5,51,1012.9,1
2025-12-31,Hue,16.4637,107.5909,22.4,76,19.1,51,1011.0,0
2026-01-01,Hue,16.4637,107.5909,21.6,78,12.0,36,1013.6,0
2026-01-02,Hue,16.4637,107.5909,21.4,80,23.5,56,1017.4,1
2026-01-03,Hue,16.4637,107.5909,20.9,80,21.5,73,1018.5,1
2026-01-04,Hue,16.4637,107.5909,21.0,82,17.2,75,1017.4,1
2026-01-05,Hue,16.4637,107.5909,21.8,80,17.1,72,1017.8,1
2026-01-06,Hue,16.4637,107.5909,20.3,87,18.9,79,1020.0,1
2026-01-07,Hue,16.4637,107.5909,18.9,83,19.7,97,1021.8,1
2026-01-08,Hue,16.4637,107.5909,18.3,81,17.3,95,1022.1,1
2026-01-09,Hue,16.4637,107.5909,17.7,81,11.0,51,1020.1,1
2026-01-10,Hue,16.4637,107.5909,18.8,73,11.1,61,1018.4,1
2026-01-11,Hue,16.4637,107.5909,19.2,74,13.8,24,1020.5,0
2026-01-12,Hue,16.4637,107.5909,19.1,79,13.4,20,1018.6,0
2026-01-13,Hue,16.4637,107.5909,20.1,79,13.1,44,1017.6,0
2026-01-14,Hue,16.4637,107.5909,21.0,82,19.0,51,1014.7,0
2026-01-15,Hue,16.4637,107.5909,21.6,82,13.5,42,1014.4,1
2026-01-16,Hue,16.4637,107.5909,22.1,80,14.5,11,1012.0,0
2026-01-17,Hue,16.4637,107.5909,21.7,86,13.0,31,1010.7,0
2026-01-18,Hue,16.4637,107.5909,22.0,83,13.4,45,1010.6,0
2026-01-19,Hue,16.4637,107.5909,22.2,83,17.3,28,1011.0,0
2026-01-20,Hue,16.4637,107.5909,21.6,83,19.8,20,1013.0,0
2026-01-21,Hue,16.4637,107.5909,21.3,80,21.2,14,1015.9,1
2026-01-22,Hue,16.4637,107.5909,20.8,84,18.8,63,1018.5,1
2026-01-23,Hue,16.4637,107.5909,20.3,86,18.8,93,1019.9,1
2026-01-24,Hue,16.4637,107.5909,20.6,83,16.2,45,1018.9,1
2026-01-25,Hue,16.4637,107.5909,20.6,81,22.5,48,1016.3,0
2026-01-26,Hue,16.4637,107.5909,21.0,83,16.0,15,1017.2,1
2026-01-27,Hue,16.4637,107.5909,20.9,87,12.4,58,1018.0,1
2026-01-28,Hue,16.4637,107.5909,21.2,85,15.0,66,1017.6,1
2026-01-29,Hue,16.4637,107.5909,21.5,82,21.8,29,1016.1,1
2026-01-30,Hue,16.4637,107.5909,21.6,84,14.9,26,1016.2,0
2026-01-31,Hue,16.4637,107.5909,21.9,84,10.7,75,1017.9,1
2026-02-01,Hue,16.4637,107.5909,20.6,91,12.2,79,1019.0,1
2026-02-02,Hue,16.4637,107.5909,20.5,91,19.0,95,1019.8,1
2026-02-03,Hue,16.4637,107.5909,21.2,84,16.9,93,1020.0,1
2026-02-04,Hue,16.4637,107.5909,21.6,86,14.4,84,1016.8,1
2026-02-05,Hue,16.4637,107.5909,22.5,87,18.3,42,1013.7,0
2026-02-06,Hue,16.4637,107.5909,22.8,88,15.4,44,1012.3,0
2026-02-07,Hue,16.4637,107.5909,23.2,84,17.5,66,1014.1,0
2026-02-08,Hue,16.4637,107.5909,22.3,81,26.3,90,1017.1,1
2026-02-09,Hue,16.4637,107.5909,21.9,81,21.0,75,1016.8,1
2026-02-10,Hue,16.4637,107.5909,22.4,79,16.8,64,1016.2,1
2026-02-11,Hue,16.4637,107.5909,22.5,83,15.2,76,1017.6,1
2026-02-12,Hue,16.4637,107.5909,22.9,81,18.0,46,1015.7,1
2026-02-13,Hue,16.4637,107.5909,22.4,80,19.6,48,1014.0,0
2026-02-14,Hue,16.4637,107.5909,22.4,83,20.6,73,1013.6,0
2026-02-15,Hue,16.4637,107.5909,22.6,83,21.0,23,1012.6,0
2026-02-16,Hue,16.4637,107.5909,23.5,86,16.2,58,1012.1,0
2026-02-17,Hue,16.4637,107.5909,24.3,86,20.6,58,1013.8,1
2026-02-18,Hue,16.4637,107.5909,23.7,83,24.5,65,1016.3,1
2026-02-19,Hue,16.4637,107.5909,23.4,80,21.9,60,1017.9,1
2026-02-20,Hue,16.4637,107.5909,22.9,81,16.9,45,1017.2,1
2026-02-21,Hue,16.4637,107.5909,22.8,84,15.2,7,1010.2,0
2026-02-22,Hue,16.4637,107.5909,24.2,83,17.7,33,1007.8,0
2026-02-23,Hue,16.4637,107.5909,24.7,82,15.3,28,1008.6,0
2026-02-24,Hue,16.4637,107.5909,24.5,83,13.7,41,1009.9,0
2026-02-25,Hue,16.4637,107.5909,24.3,83,15.1,78,1011.1,0
2026-02-26,Hue,16.4637,107.5909,24.8,83,15.0,70,1008.8,1
2026-02-27,Hue,16.4637,107.5909,24.9,88,8.7,87,1006.9,1
2026-02-28,Hue,16.4637,107.5909,25.9,81,13.7,22,1005.9,0
2026-03-01,Hue,16.4637,107.5909,27.3,78,12.8,46,1005.9,0
2026-03-02,Hue,16.4637,107.5909,28.1,76,12.4,56,1007.1,1
2026-03-03,Hue,16.4637,107.5909,27.3,80,15.1,44,1008.6,1
2026-03-04,Hue,16.4637,107.5909,23.4,89,19.9,97,1012.4,1
2026-03-05,Hue,16.4637,107.5909,22.8,89,10.5,97,1012.8,1
2026-03-06,Hue,16.4637,107.5909,22.9,88,17.4,71,1014.0,1
2026-03-07,Hue,16.4637,107.5909,23.5,79,23.3,32,1014.9,1
2026-03-08,Hue,16.4637,107.5909,23.1,84,18.2,34,1015.2,1
2026-03-09,Hue,16.4637,107.5909,23.1,88,20.8,82,1016.7,1
2026-03-10,Hue,16.4637,107.5909,22.3,84,21.5,96,1018.3,1
2026-03-11,Hue,16.4637,107.5909,21.7,89,12.8,91,1016.3,1
2026-03-12,Hue,16.4637,107.5909,21.8,90,16.4,99,1015.4,1
2026-03-13,Hue,16.4637,107.5909,21.9,86,16.6,94,1016.5,1
2026-03-14,Hue,16.4637,107.5909,22.3,81,21.8,69,1017.4,1
2026-03-15,Hue,16.4637,107.5909,22.6,78,18.1,25,1017.0,1
2026-03-16,Hue,16.4637,107.5909,22.7,79,16.1,35,1014.7,1
2026-03-17,Hue,16.4637,107.5909,23.4,80,21.1,8,1012.7,0
2026-03-18,Hue,16.4637,107.5909,23.3,85,17.2,2,1012.3,0
2026-03-19,Hue,16.4637,107.5909,23.5,86,16.3,27,1011.6,0
2026-03-20,Hue,16.4637,107.5909,24.2,86,15.9,41,1010.8,0
2026-03-21,Hue,16.4637,107.5909,24.5,86,20.4,43,1012.2,0
2026-03-22,Hue,16.4637,107.5909,24.5,85,19.1,27,1011.4,0
2026-03-23,Hue,16.4637,107.5909,24.6,86,15.2,7,1010.6,0
2026-03-24,Hue,16.4637,107.5909,24.7,88,14.0,27,1009.1,0
2026-03-25,Hue,16.4637,107.5909,24.7,87,17.1,37,1009.9,0
2026-03-26,Hue,16.4637,107.5909,25.0,87,12.5,26,1008.9,0
2026-03-27,Hue,16.4637,107.5909,26.5,85,12.5,25,1007.1,0
2026-03-28,Hue,16.4637,107.5909,26.7,86,10.8,29,1007.2,0
2026-03-29,Hue,16.4637,107.5909,26.6,85,12.9,47,1007.5,0
2026-03-30,Hue,16.4637,107.5909,27.3,79,15.1,11,1007.4,0
2026-03-31,Hue,16.4637,107.5909,28.6,71,15.7,44,1007.1,0
2026-04-01,Hue,16.4637,107.5909,26.8,79,17.7,17,1008.7,0
2026-04-02,Hue,16.4637,107.5909,27.6,82,11.8,35,1009.0,0
2026-04-03,Hue,16.4637,107.5909,28.5,72,13.9,10,1006.1,0
2026-04-04,Hue,16.4637,107.5909,29.5,68,13.2,16,1004.3,0
2026-04-05,Hue,16.4637,107.5909,30.0,68,14.4,10,1004.1,0
2026-04-06,Hue,16.4637,107.5909,30.2,64,14.8,5,1004.8,0
2026-04-07,Hue,16.4637,107.5909,30.7,60,15.3,14,1005.5,0
2026-04-08,Hue,16.4637,107.5909,30.3,61,18.3,3,1006.4,0
2026-04-09,Hue,16.4637,107.5909,29.6,68,14.8,7,1006.8,0
2026-04-10,Hue,16.4637,107.5909,30.7,61,16.6,4,1006.5,0
2026-04-11,Hue,16.4637,107.5909,31.4,59,18.7,8,1005.3,1
2026-04-12,Hue,16.4637,107.5909,31.2,58,17.6,5,1004.5,0
2026-04-13,Hue,16.4637,107.5909,30.8,63,16.8,4,1006.1,0
2026-04-14,Hue,16.4637,107.5909,31.1,62,16.0,14,1006.3,0
2026-04-15,Hue,16.4637,107.5909,30.0,68,14.2,8,1005.2,0
2026-04-16,Hue,16.4637,107.5909,29.6,68,15.5,19,1006.2,0
2026-04-17,Hue,16.4637,107.5909,28.6,76,15.7,36,1007.5,1
2026-04-18,Hue,16.4637,107.5909,27.8,79,14.8,58,1008.7,0
2026-04-19,Hue,16.4637,107.5909,27.3,81,13.6,68,1008.8,1
2026-04-20,Hue,16.4637,107.5909,27.5,81,12.6,50,1008.1,0
2026-04-21,Hue,16.4637,107.5909,28.4,74,14.3,27,1006.7,0
2026-04-22,Hue,16.4637,107.5909,29.3,72,15.1,35,1005.5,0
2026-04-23,Hue,16.4637,107.5909,29.9,69,12.6,60,1005.2,0
2026-04-24,Hue,16.4637,107.5909,26.8,84,17.0,100,1009.3,1
2026-04-25,Hue,16.4637,107.5909,26.3,82,14.2,86,1012.1,1
2026-04-26,Hue,16.4637,107.5909,27.0,79,15.1,83,1010.5,1
2026-04-27,Hue,16.4637,107.5909,28.5,74,12.2,89,1007.9,1
2026-04-28,Hue,16.4637,107.5909,28.5,74,13.0,89,1006.9,1
2026-04-29,Hue,16.4637,107.5909,27.2,80,14.5,68,1009.3,1
2026-04-30,Hue,16.4637,107.5909,25.8,80,17.0,70,1013.0,1
2026-05-01,Hue,16.4637,107.5909,26.0,83,16.0,75,1011.1,0
2026-05-02,Hue,16.4637,107.5909,28.0,81,11.1,87,1008.6,0
2026-05-03,Hue,16.4637,107.5909,29.3,76,10.1,73,1008.1,1
2026-05-04,Hue,16.4637,107.5909,26.7,88,13.5,91,1011.7,1
2026-05-05,Hue,16.4637,107.5909,26.1,85,13.4,81,1011.1,1
2026-05-06,Hue,16.4637,107.5909,27.3,82,15.0,27,1008.7,0
2026-05-07,Hue,16.4637,107.5909,28.4,78,15.9,30,1007.6,0
2026-05-08,Hue,16.4637,107.5909,28.1,78,16.7,90,1009.7,1
2026-05-09,Hue,16.4637,107.5909,27.8,80,14.4,57,1011.1,1
2026-05-10,Hue,16.4637,107.5909,27.6,81,14.2,61,1011.0,1
2026-05-11,Hue,16.4637,107.5909,28.1,80,16.2,61,1010.2,1
2026-05-12,Hue,16.4637,107.5909,28.8,79,15.7,61,1007.1,0
2026-05-13,Hue,16.4637,107.5909,30.0,75,15.9,68,1005.0,1
2026-05-14,Hue,16.4637,107.5909,30.4,71,10.9,77,1004.2,1
2026-05-15,Hue,16.4637,107.5909,30.3,73,15.7,86,1003.9,1
2026-05-16,Hue,16.4637,107.5909,30.1,77,16.7,97,1004.1,1
2026-05-17,Hue,16.4637,107.5909,28.4,83,11.4,98,1004.6,1
2026-05-18,Hue,16.4637,107.5909,28.9,79,11.6,96,1004.6,1
2026-05-19,Hue,16.4637,107.5909,29.5,75,12.4,85,1003.9,1
